year,female_id,offspring_year_fem,age_fem,inbreed_coef,first_nest,last_nest,breed_dur,terr_qual,dens_fem,dens_pop
1986,135102026,0,1,0.005859375,111,159,48,0.000925,61,155
2008,226189119,0,1,0.115825897,119,161,42,0.001611,33,114
2008,224130897,0,1,0.138352355,96,149,53,0.004096,33,114
1979,120143089,1,1,0,129,129,0,0.004541,65,128
1986,135102020,2,1,0.009765625,115,164,49,0.004953,61,155
1984,125158829,4,1,0.03125,118,172,54,0.005151,53,231
1985,125159104,0,1,0,128,173,45,0.005204,71,214
1983,125158740,0,1,0,112,112,0,0.005282,54,204
1979,120143014,0,1,0,128,128,0,0.005612,65,128
1978,120130602,0,1,0,111,111,0,0.005698,48,209
1979,120143092,1,1,0.125,125,125,0,0.006075,65,128
1994,150159282,3,1,0.035644531,104,148,44,0.006143,52,181
1977,117174335,0,1,0,110,119,9,0.006668,45,189
1979,120130781,3,1,0,111,142,31,0.006682,65,128
1978,120130627,1,1,0,138,138,0,0.006776,48,209
1983,125160298,3,1,0,93,127,34,0.006894,54,204
1996,145162066,1,1,0.056539536,105,147,42,0.00727,46,155
1987,135102396,5,1,0,107,149,42,0.008019,58,187
1986,125159417,0,1,0,132,144,12,0.008577,61,155
1996,145162097,4,1,0.023330688,129,163,34,0.008752,46,155
1983,125158732,0,1,0,100,100,0,0.008815,54,204
1983,125158777,3,1,0,101,145,44,0.009145,54,204
1994,150159241,2,1,0.122451782,124,124,0,0.009164,52,181
1992,145120601,0,1,0.051055908,88,126,38,0.00946,41,178
1979,120143037,1,1,0,115,169,54,0.00951,65,128
1997,145162215,4,1,0.035644531,113,150,37,0.009597,41,197
1983,125160275,2,1,0,102,146,44,0.00986,54,204
1987,135102328,1,1,0.125,105,143,38,0.010095,58,187
1997,145162192,4,1,0.073711395,111,145,34,0.010265,41,197
1994,146164009,3,1,0.095787048,119,119,0,0.010275,52,181
1993,143173564,1,1,0.255981445,125,158,33,0.010527,42,163
1983,125158703,0,1,0.03125,92,154,62,0.010626,54,204
1979,120143217,0,1,0,121,121,0,0.010714,65,128
2008,226189013,1,1,0.08497406,105,158,53,0.011003,33,114
1978,120130646,4,1,0,98,136,38,0.011299,48,209
1994,146164005,0,1,0.10144043,127,166,39,0.011549,52,181
1978,120130535,2,1,0,122,149,27,0.011613,48,209
1984,125159214,0,1,0,127,151,24,0.011672,53,231
1983,125158773,0,1,0,110,110,0,0.011835,54,204
1979,120130743,3,1,0,122,122,0,0.011987,65,128
2006,196199301,2,1,0.112075567,110,146,36,0.012199,34,89
1979,120130765,1,1,0,106,136,30,0.012224,65,128
1979,120130752,0,1,0.125,113,113,0,0.01266,65,128
1998,145162440,1,1,0.066093445,100,163,63,0.012812,31,130
1997,145162324,4,1,0.038612366,105,136,31,0.013262,41,197
1986,125159442,2,1,0.017578125,114,122,8,0.013267,61,155
1993,143173552,0,1,0.152160645,117,117,0,0.013271,42,163
1977,109137466,1,1,0,109,120,11,0.013395,45,189
1984,125159323,1,1,0.0078125,145,145,0,0.01349,53,231
1984,125159347,3,1,0.03125,91,153,62,0.013505,53,231
1983,125158753,1,1,0.03125,102,161,59,0.013594,54,204
1995,146164116,4,1,0.022727966,118,161,43,0.013692,41,217
1994,150159209,2,1,0.082824707,114,149,35,0.013741,52,181
2000,146130758,3,1,0.080261946,94,169,75,0.013851,15,69
1996,146164289,3,1,0.112068176,111,151,40,0.014036,46,155
1983,125158711,2,1,0,100,144,44,0.014154,54,204
1979,120130759,1,1,0,112,146,34,0.014219,65,128
1986,135102009,0,1,0.0234375,131,172,41,0.014324,61,155
1988,135102160,2,1,0,113,167,54,0.014424,53,157
1985,125159125,1,1,0,106,157,51,0.014754,71,214
2005,176124492,4,1,0.034595609,101,110,9,0.014883,27,151
1995,146164138,1,1,0.035945892,110,155,45,0.015093,41,217
1997,145162287,6,1,0.023330688,106,179,73,0.015156,41,197
1996,145162044,2,1,0.071891785,131,168,37,0.015405,46,155
1985,125158995,1,1,0,111,152,41,0.015525,71,214
1983,125158708,3,1,0.25,112,149,37,0.015664,54,204
1983,125158752,1,1,0.03125,94,138,44,0.015816,54,204
1994,143173366,2,1,0,108,108,0,0.015822,52,181
1994,143173398,3,1,0.036407471,106,165,59,0.01611,52,181
1994,150159278,1,1,0.040802002,118,156,38,0.016369,52,181
1994,150159255,3,1,0.074737549,108,133,25,0.016664,52,181
1997,145162278,5,1,0.03352356,115,155,40,0.016673,41,197
1983,125158749,0,1,0,88,88,0,0.017012,54,204
1983,125158781,0,1,0,95,95,0,0.017102,54,204
1998,145162470,2,1,0.081548691,121,159,38,0.017103,31,130
1996,145162134,1,1,0.046367645,105,169,64,0.017225,46,155
1976,114110952,2,1,0,114,166,52,0.017277,31,174
1998,146130328,0,1,0.07308197,113,145,32,0.017374,31,130
2002,172168055,6,1,0.08192873,110,154,44,0.017425,26,102
1996,146164276,1,1,0.020401001,109,151,42,0.017489,46,155
1995,146164110,6,1,0.020401001,104,142,38,0.017542,41,217
1978,120130554,2,1,0,107,151,44,0.017656,48,209
2002,172168069,3,1,0.053376436,114,163,49,0.017744,26,102
2002,172168093,5,1,0.041925907,111,151,40,0.017792,26,102
1979,120130778,1,1,0,123,128,5,0.017824,65,128
1996,146164256,1,1,0.08644104,141,141,0,0.018123,46,155
2005,176124493,0,1,0.034595609,102,102,0,0.018345,27,151
1979,120143029,0,1,0,116,146,30,0.018663,65,128
1983,125158741,0,1,0,84,84,0,0.018928,54,204
1979,120143062,0,1,0,114,147,33,0.01909,65,128
1998,146130354,0,1,0.06155014,103,103,0,0.019193,31,130
1996,145162112,3,1,0.030487061,148,148,0,0.019413,46,155
2008,226189077,2,1,0.072280126,118,160,42,0.020532,33,114
1994,146164040,2,1,0.124938965,114,156,42,0.020681,52,181
2004,176124253,5,1,0.024652719,94,135,41,0.020824,16,86
2002,172168065,3,1,0.10655117,108,149,41,0.022391,26,102
1994,146164018,0,1,0.054876328,135,158,23,0.02263,52,181
1979,120143058,4,1,0,112,145,33,0.022988,65,128
1993,143173534,5,1,0.076660156,116,155,39,0.023173,42,163
1995,146164229,3,1,0.162361145,113,147,34,0.024131,41,217
1983,125158704,1,1,0.03125,91,123,32,0.025562,54,204
1992,150154676,4,1,0.016113281,83,124,41,0.025604,41,178
1982,125160193,4,1,0,97,132,35,0.025951,26,130
1985,125159283,2,1,0,122,164,42,0.026252,71,214
1998,146130309,5,1,0.108487606,95,140,45,0.026278,31,130
2009,226189162,2,1,0.031371352,121,121,0,0.026616,22,83
1993,145120483,3,1,0.104972839,127,166,39,0.026936,42,163
2002,176124113,5,1,0,107,143,36,0.02797,26,102
2008,226189053,2,1,0.096781882,106,144,38,0.028125,33,114
1979,120143212,1,1,0,110,145,35,0.028273,65,128
2003,176124169,4,1,0.053376436,107,164,57,0.028805,27,105
1983,125158736,4,1,0,91,157,66,0.028836,54,204
1984,125159374,3,1,0,96,154,58,0.029047,53,231
2001,172168009,5,1,0.074003696,116,157,41,0.029134,11,71
2008,226189080,1,1,0.072280126,116,150,34,0.029143,33,114
2006,176124879,3,1,0.034595609,110,154,44,0.029411,34,89
1988,135102142,0,1,0,132,145,13,0.029996,53,157
2003,172168354,2,1,0.037360072,132,132,0,0.030851,27,105
1978,120130665,6,1,0,102,165,63,0.031438,48,209
1978,120130628,4,1,0,111,156,45,0.032134,48,209
1978,120130615,1,1,0,107,177,70,0.032411,48,209
1992,150154657,3,1,0.03125,81,129,48,0.033442,41,178
2005,176124639,6,1,0.031938463,95,127,32,0.033775,27,151
1983,125160282,6,1,0,95,167,72,0.033906,54,204
2005,176124496,5,1,0.045740783,101,136,35,0.034079,27,151
2000,146130782,3,1,0.074003696,113,139,26,0.034521,15,69
2006,172168199,2,1,0.077487785,127,139,12,0.035098,34,89
1982,125160247,4,1,0,123,123,0,0.035222,26,130
1992,142169688,3,1,0.016113281,100,147,47,0.036065,41,178
2003,176124172,6,1,0.053376436,102,168,66,0.036177,27,105
2005,176124573,8,1,0.039674878,93,173,80,0.036363,27,151
2003,176124153,4,1,0.064258285,108,148,40,0.036462,27,105
2003,176124084,6,1,0.053143501,101,170,69,0.03661,27,105
1987,135102236,1,1,0,105,157,52,0.036785,58,187
2005,176124498,3,1,0.034362599,81,148,67,0.036862,27,151
2008,226189056,1,1,0.050662068,120,140,20,0.037123,33,114
1991,150147110,8,1,0,109,172,63,0.038397,28,100
1992,142169631,6,1,0.211364746,79,122,43,0.038462,41,178
1991,150156901,1,1,0.14855957,101,150,49,0.039003,28,100
1993,145120468,2,1,0.276550293,108,152,44,0.039525,42,163
2006,176124860,3,1,0.148712844,107,164,57,0.041073,34,89
2003,176124137,2,1,0.080379188,118,169,51,0.041768,27,105
1991,150147116,2,1,0,96,139,43,0.042916,28,100
2009,226189160,6,1,0.072280126,122,160,38,0.044144,22,83
2003,172168301,3,1,0.041925907,107,132,25,0.044353,27,105
2008,226189042,2,1,0.104244271,109,149,40,0.044537,33,114
2008,224130894,1,1,0.064181591,102,150,48,0.045988,33,114
2006,176124833,2,1,0.023815662,117,149,32,0.04721,34,89
1999,146130701,0,1,0.074325562,130,130,0,0.048819,14,60
2008,226189091,4,1,0.066611769,103,142,39,0.049613,33,114
1992,142169655,6,1,0.034179688,91,126,35,0.054514,41,178
2007,224130470,7,1,0.138352355,107,148,41,0.068347,20,93
1991,150154637,1,1,0,102,102,0,0.070843,28,100
1977,117174307,3,1,0,94,153,59,0.001924,45,189
1983,125158717,3,1,0,103,103,0,0.00567,54,204
1984,125159363,0,1,0,119,164,45,0.005927,53,231
1986,125159428,0,1,0,152,152,0,0.006528,61,155
1985,125159199,1,1,0,120,140,20,0.006617,71,214
1992,142169699,2,1,0.022460938,97,130,33,0.006696,41,178
1985,125158954,1,1,0,119,138,19,0.006832,71,214
1983,125158709,4,1,0,97,145,48,0.0072,54,204
1982,125160209,4,1,0,108,139,31,0.00753,26,130
1985,125158988,1,1,0,117,137,20,0.007667,71,214
1984,125158835,0,1,0.25,133,133,0,0.007703,53,231
1985,125159133,0,1,0,131,131,0,0.008033,71,214
1983,125160268,2,1,0,92,140,48,0.008406,54,204
1994,146164032,1,1,0.074737549,122,175,53,0.008777,52,181
1977,117174342,5,1,0,93,140,47,0.008841,45,189
1984,125159326,4,1,0,93,177,84,0.009287,53,231
1992,142169677,5,1,0.006469727,95,136,41,0.009296,41,178
1977,109137460,3,1,0,100,144,44,0.009328,45,189
1991,150156940,0,1,0,101,170,69,0.009343,28,100
1994,146164001,2,1,0.051055908,129,150,21,0.009395,52,181
2007,224130466,4,1,0.104745446,101,143,42,0.009498,20,93
1986,135102034,0,1,0,131,131,0,0.009614,61,155
1983,125158775,3,1,0,99,140,41,0.009725,54,204
1983,125160300,6,1,0,95,132,37,0.00982,54,204
1983,125158725,3,1,0,102,146,44,0.010246,54,204
1983,125160290,1,1,0,104,155,51,0.010271,54,204
1997,145162272,0,1,0.105121613,116,163,47,0.010525,41,197
1983,125160281,2,1,0,88,133,45,0.0106,54,204
1985,125159105,2,1,0,119,151,32,0.010931,71,214
1983,125158747,2,1,0,97,148,51,0.010992,54,204
1982,125160184,1,1,0,111,163,52,0.011213,26,130
1994,150159249,3,1,0.048492432,110,154,44,0.011396,52,181
1993,145120406,0,1,0.139297485,126,126,0,0.011456,42,163
1994,150159291,2,1,0.106719971,122,122,0,0.011555,52,181
1996,145162121,1,1,0.075439453,119,125,6,0.011944,46,155
1997,145162356,2,1,0.094688416,121,156,35,0.012051,41,197
1992,142169644,6,1,0,88,154,66,0.012204,41,178
1983,125160291,3,1,0,87,156,69,0.012319,54,204
1985,125159241,0,1,0.0078125,115,155,40,0.012518,71,214
1985,125159239,2,1,0,121,121,0,0.01258,71,214
1995,146164129,4,1,0.040802002,104,135,31,0.01261,41,217
1986,125159486,0,1,0.25,130,175,45,0.012709,61,155
1982,125160206,6,1,0,105,143,38,0.012731,26,130
1994,150159217,2,1,0.021484375,116,116,0,0.012769,52,181
1985,125159114,0,1,0.001464844,123,163,40,0.01277,71,214
1991,150156939,4,1,0,135,165,30,0.01311,28,100
1991,150156905,2,1,0,99,177,78,0.013151,28,100
1984,125158828,1,1,0.03125,113,155,42,0.013156,53,231
1978,120130595,3,1,0,103,145,42,0.013213,48,209
1986,125159476,0,1,0,115,154,39,0.013319,61,155
1984,125159355,4,1,0,92,165,73,0.013365,53,231
1984,125159398,4,1,0.0078125,110,143,33,0.013436,53,231
1996,145162137,2,1,0.038612366,125,125,0,0.013625,46,155
1985,125158978,1,1,0.125,138,138,0,0.014072,71,214
1993,145120484,0,1,0.152160645,117,181,64,0.014259,42,163
1993,143173574,5,1,0.123184204,105,145,40,0.014345,42,163
1985,125159107,1,1,0,118,118,0,0.014347,71,214
1993,143173590,6,1,0.02116394,108,158,50,0.014354,42,163
1996,146164280,2,1,0.030487061,98,159,61,0.014654,46,155
1983,125158779,5,1,0,102,146,44,0.015149,54,204
1983,125158751,5,1,0,82,153,71,0.015556,54,204
1977,117174301,5,1,0,104,136,32,0.01556,45,189
2006,172168157,2,1,0.064326108,136,136,0,0.015756,34,89
1996,145162149,2,1,0.065612793,112,175,63,0.015795,46,155
1994,150159220,0,1,0.15215683,128,128,0,0.01596,52,181
1986,125159403,4,1,0,107,163,56,0.016043,61,155
1977,109137493,1,1,0,102,138,36,0.016063,45,189
1995,146164061,2,1,0.010742188,118,151,33,0.016071,41,217
1993,143173594,1,1,0.078613281,115,149,34,0.016132,42,163
1991,150147167,3,1,0.02734375,114,142,28,0.016301,28,100
1984,125158869,4,1,0,98,163,65,0.016449,53,231
1977,109137437,3,1,0,103,145,42,0.01649,45,189
1994,150159267,0,1,0.211364746,131,143,12,0.016673,52,181
1983,125160279,1,1,0,91,147,56,0.016685,54,204
1982,125160216,3,1,0,102,169,67,0.016752,26,130
1992,142169696,2,1,0.032226563,106,106,0,0.016789,41,178
1996,146164300,1,1,0.100696564,110,156,46,0.016801,46,155
1996,146164290,3,1,0.112068176,115,150,35,0.016878,46,155
1998,146130348,4,1,0.03352356,99,144,45,0.016946,31,130
1985,125159243,2,1,0,109,123,14,0.016993,71,214
1986,125159500,0,1,0,137,137,0,0.01706,61,155
1978,117174396,5,1,0,109,146,37,0.017214,48,209
1977,117174326,3,1,0,110,153,43,0.017304,45,189
1986,125159407,2,1,0,100,161,61,0.01749,61,155
1995,146164109,6,1,0.023330688,98,138,40,0.017606,41,217
1994,150159289,2,1,0.083236694,107,171,64,0.01768,52,181
1993,145120429,2,1,0.044921875,100,161,61,0.017908,42,163
1992,145120644,4,1,0.006469727,98,152,54,0.018006,41,178
1992,142169650,2,1,0.034179688,89,133,44,0.018203,41,178
1995,146164182,3,1,0.06678772,112,152,40,0.018225,41,217
2008,226189046,3,1,0.060868696,100,155,55,0.018379,33,114
1985,125159274,0,1,0,101,157,56,0.018433,71,214
1996,145162029,0,1,0.082832336,131,131,0,0.018455,46,155
1985,125158903,1,1,0,140,140,0,0.018586,71,214
1977,109137451,3,1,0,106,154,48,0.019179,45,189
1982,125160177,4,1,0,111,154,43,0.019281,26,130
1994,150159244,2,1,0,129,129,0,0.019286,52,181
1993,143173318,1,1,0,110,158,48,0.019294,42,163
1991,150156941,5,1,0,97,162,65,0.019375,28,100
1985,125159151,6,1,0.15625,106,149,43,0.019397,71,214
1977,109137472,3,1,0,101,143,42,0.01946,45,189
1994,150159271,2,1,0.074737549,107,163,56,0.01956,52,181
1986,125159471,3,1,0.01953125,124,162,38,0.019568,61,155
1982,125160182,1,1,0,112,137,25,0.019596,26,130
1993,145120455,4,1,0.040802002,104,146,42,0.019637,42,163
1982,125160194,6,1,0,104,142,38,0.019709,26,130
1992,142169630,0,1,0.211364746,99,149,50,0.019824,41,178
1984,125158853,0,1,0.0625,117,117,0,0.019906,53,231
1984,125158900,4,1,0,107,145,38,0.020031,53,231
1982,125160197,2,1,0,119,146,27,0.020058,26,130
1996,145162139,3,1,0.030899048,126,126,0,0.020171,46,155
1978,120130601,0,1,0,108,138,30,0.020499,48,209
2003,176124151,3,1,0.067552209,108,171,63,0.020515,27,105
1991,150147191,1,1,0.021484375,117,172,55,0.020588,28,100
1977,117174318,4,1,0,104,146,42,0.02065,45,189
1977,117174308,2,1,0,105,143,38,0.020674,45,189
1996,146164278,2,1,0.030487061,97,172,75,0.021074,46,155
1986,135102073,1,1,0,122,181,59,0.021087,61,155
2002,172168266,2,1,0.083879441,114,153,39,0.02114,26,102
1985,125158917,1,1,0.03515625,124,160,36,0.021823,71,214
1997,145162230,4,1,0.039627075,125,166,41,0.02189,41,197
1991,150147165,1,1,0.02734375,99,169,70,0.021956,28,100
1992,142169626,6,1,0,82,125,43,0.021998,41,178
1998,145162452,4,1,0.055015564,88,152,64,0.022012,31,130
1978,120130699,4,1,0,129,129,0,0.022034,48,209
1994,146164004,0,1,0.022598267,122,153,31,0.022135,52,181
1977,109137498,4,1,0,103,142,39,0.022454,45,189
2000,146130789,0,1,0.10655117,115,154,39,0.022483,15,69
1982,125160204,7,1,0,103,147,44,0.022735,26,130
1993,143173570,5,1,0,106,147,41,0.023128,42,163
1982,125160179,6,1,0,110,154,44,0.023135,26,130
1990,142169535,5,1,0.022949219,88,159,71,0.023136,10,69
1986,125159458,0,1,0.001953125,125,175,50,0.023305,61,155
1994,150159216,2,1,0.051055908,105,144,39,0.023513,52,181
2002,176124111,5,1,0,112,176,64,0.023516,26,102
1993,143173553,2,1,0,120,143,23,0.023731,42,163
1991,150156911,4,1,0.02734375,102,142,40,0.023743,28,100
1982,125160244,2,1,0,111,169,58,0.024087,26,130
1996,145162037,3,1,0.061889648,126,126,0,0.024175,46,155
1991,150156902,2,1,0.14855957,118,150,32,0.024249,28,100
2006,176124868,3,1,0.112075567,121,159,38,0.024266,34,89
2003,172168329,1,1,0.052678347,113,174,61,0.024266,27,105
1998,145162402,4,1,0.071974277,96,140,44,0.02436,31,130
1985,125159150,2,1,0.15625,135,135,0,0.024469,71,214
1995,146164145,6,1,0.110004425,113,147,34,0.025098,41,217
1991,150147166,1,1,0.02734375,103,168,65,0.025457,28,100
1993,143173306,3,1,0.048858643,105,130,25,0.025579,42,163
1986,125159457,1,1,0,111,142,31,0.025725,61,155
1998,146130301,1,1,0.074457169,108,108,0,0.026065,31,130
1983,125158763,6,1,0,80,155,75,0.026144,54,204
1985,125158953,3,1,0,129,129,0,0.026307,71,214
2002,172168054,4,1,0.076462269,111,147,36,0.026603,26,102
1997,145162225,3,1,0.013427734,117,168,51,0.026925,41,197
1977,109137444,3,1,0,109,139,30,0.027019,45,189
1978,120130661,5,1,0,94,173,79,0.027304,48,209
1993,143173551,4,1,0.152160645,102,179,77,0.027309,42,163
1997,145162315,1,1,0.093849182,115,149,34,0.028096,41,197
2008,226189123,1,1,0.08497406,111,140,29,0.028418,33,114
2004,176124303,6,1,0.061608747,102,169,67,0.028448,16,86
1978,120130604,6,1,0,104,140,36,0.029606,48,209
1992,142169614,3,1,0,85,113,28,0.029875,41,178
2006,176124883,3,1,0.066262179,120,151,31,0.03043,34,89
1992,145120621,0,1,0.14855957,89,158,69,0.030544,41,178
2002,172168057,3,1,0.080468178,113,147,34,0.030559,26,102
1991,150147192,1,1,0.021484375,99,169,70,0.030864,28,100
1992,142169619,0,1,0.032226563,99,161,62,0.030927,41,178
1991,150147170,4,1,0,150,183,33,0.031138,28,100
1990,142169559,12,1,0,92,164,72,0.031178,10,69
2005,176124642,3,1,0.045164481,97,121,24,0.031232,27,151
2000,146130772,3,1,0.114452362,94,163,69,0.031258,15,69
1985,125158938,0,1,0,114,176,62,0.031284,71,214
2004,176124292,2,1,0.051881552,96,137,41,0.031569,16,86
1993,143173319,3,1,0,133,133,0,0.031858,42,163
2006,196195812,2,1,0,124,124,0,0.032215,34,89
2008,226189072,1,1,0.101344873,127,127,0,0.032939,33,114
1982,125160195,7,1,0,106,144,38,0.032984,26,130
1982,125160176,3,1,0,125,170,45,0.033949,26,130
2001,172168043,6,1,0,98,147,49,0.034809,11,71
2004,176124417,6,1,0.053376436,102,168,66,0.034906,16,86
2006,176124828,3,1,0.067623034,120,151,31,0.035001,34,89
2006,176124870,5,1,0.043547712,106,139,33,0.035016,34,89
2002,172168084,2,1,0,107,165,58,0.03503,26,102
1986,135102071,1,1,0.0625,136,169,33,0.035169,61,155
2008,226189116,4,1,0.008697897,100,165,65,0.035509,33,114
2008,226189005,4,1,0.021835256,107,167,60,0.035822,33,114
1978,120130681,7,1,0,101,163,62,0.036198,48,209
2006,176124872,5,1,0,110,146,36,0.036388,34,89
2001,172168004,1,1,0.10655117,101,166,65,0.037016,11,71
2005,176124499,5,1,0.034362599,97,181,84,0.037448,27,151
2004,176124382,4,1,0.068968773,103,159,56,0.037497,16,86
2002,176124022,1,1,0.083879441,113,156,43,0.037756,26,102
1990,142169558,2,1,0,84,176,92,0.038114,10,69
1978,120130640,1,1,0,142,153,11,0.038157,48,209
2009,226189163,2,1,0.031371352,119,160,41,0.038445,22,83
2009,224130527,2,1,0.027719648,126,154,28,0.038524,22,83
2002,176124026,2,1,0.085006833,115,157,42,0.038616,26,102
2007,224130451,5,1,0.075713586,104,141,37,0.038617,20,93
1982,125160198,3,1,0,121,121,0,0.038764,26,130
1991,150154639,5,1,0.030151367,98,155,57,0.039124,28,100
2009,226189172,3,1,0.142118708,115,138,23,0.040499,22,83
2002,172168072,4,1,0.053376436,106,149,43,0.041362,26,102
1991,150156909,3,1,0.02734375,101,162,61,0.041504,28,100
2008,226189060,2,1,0.138352355,129,166,37,0.041874,33,114
2008,226189140,3,1,0.10340804,110,143,33,0.042549,33,114
2007,224130433,5,1,0.065710119,94,165,71,0.042718,20,93
1990,150154534,6,1,0.047851563,99,187,88,0.04287,10,69
1984,125158807,6,1,0,92,169,77,0.04332,53,231
2008,226189028,3,1,0.097623958,106,157,51,0.043438,33,114
2002,172168063,4,1,0.034151077,103,148,45,0.04452,26,102
2008,226189007,5,1,0.043139982,104,171,67,0.04656,33,114
1986,125159412,1,1,0.015625,121,157,36,0.046579,61,155
1990,150154533,7,1,0.047851563,93,173,80,0.047533,10,69
1999,146130452,2,1,0.095350266,128,140,12,0.048918,14,60
2002,172168073,2,1,0.051881552,117,117,0,0.051625,26,102
2001,146130794,6,1,0.033618927,108,155,47,0.05323,11,71
2006,146130794,4,1,0.033618927,108,164,56,0.05323,34,89
1991,150154596,4,1,0.022949219,118,152,34,0.058655,28,100
2005,176124629,5,1,0,80,149,69,0.058876,27,151
2004,176124274,5,1,0.058660984,91,134,43,0.060531,16,86
2005,176124552,6,1,0.049155414,113,155,42,0.063319,27,151
2005,176124650,5,1,0.045740783,96,130,34,0.06417,27,151
2002,172168064,3,1,0.10655117,110,159,49,0.064767,26,102
2008,226189045,1,1,0.060868696,108,155,47,0.067628,33,114
1989,125164909,2,1,0,113,184,71,0.079137,4,20
2006,176124889,5,1,0.045024857,112,152,40,0.083377,34,89
2006,176124853,2,1,0,115,145,30,0.088274,34,89
1979,120130581,4,2,0,87,128,41,0.004189,65,128
1984,125158709,5,2,0,101,153,52,0.0072,53,231
1988,135102371,2,2,0.01171875,106,174,68,0.007216,53,157
1983,125160209,6,2,0,87,157,70,0.00753,54,204
1984,125160268,1,2,0,95,147,52,0.008406,53,231
1988,135102344,3,2,0.017578125,113,113,0,0.008464,53,157
1985,125158891,7,2,0,94,174,80,0.009101,71,214
1985,125159326,4,2,0,98,181,83,0.009287,71,214
1992,150156940,6,2,0,85,170,85,0.009343,41,178
1987,135102034,3,2,0,105,135,30,0.009614,58,187
1985,125158859,2,2,0,104,159,55,0.009695,71,214
1979,120130652,3,2,0,88,128,40,0.009875,65,128
1984,125158725,4,2,0,100,151,51,0.010246,53,231
1998,145162272,1,2,0.105121613,93,142,49,0.010525,31,130
1997,145162121,7,2,0.075439453,109,173,64,0.011944,41,197
1998,145162356,6,2,0.094688416,96,177,81,0.012051,31,130
1993,142169644,3,2,0,105,105,0,0.012204,42,163
1988,135102207,1,2,0,113,132,19,0.012478,53,157
1995,150159217,7,2,0.021484375,109,145,36,0.012769,41,217
1992,150156939,6,2,0,76,170,94,0.01311,41,178
1992,150156905,3,2,0,84,123,39,0.013151,41,178
1979,120130595,4,2,0,95,136,41,0.013213,65,128
1988,135102353,4,2,0,105,143,38,0.014142,53,157
1979,120130683,3,2,0,103,142,39,0.01419,65,128
1994,145120484,3,2,0.152160645,115,156,41,0.014259,52,181
1994,143173574,5,2,0.123184204,104,143,39,0.014345,52,181
1997,146164280,5,2,0.030487061,98,141,43,0.014654,41,197
1984,125158779,3,2,0,98,162,64,0.015149,53,231
2007,172168157,0,2,0.064326108,101,151,50,0.015756,20,93
1987,125159403,0,2,0,108,108,0,0.016043,58,187
1988,135102272,3,2,0.001953125,114,159,45,0.016236,53,157
1997,146164300,1,2,0.100696564,104,104,0,0.016801,41,197
1985,125158825,6,2,0,100,169,69,0.017043,71,214
1988,135102268,2,2,0.0390625,120,153,33,0.017175,53,157
1979,117174396,2,2,0,109,142,33,0.017214,65,128
1987,125159407,2,2,0,105,128,23,0.01749,58,187
1993,142169650,1,2,0.034179688,104,139,35,0.018203,42,163
1997,145162029,7,2,0.082832336,113,183,70,0.018455,41,197
1986,125158903,1,2,0,118,144,26,0.018586,61,155
1988,135102273,2,2,0.001953125,116,134,18,0.018587,53,157
1978,109137451,5,2,0,103,141,38,0.019179,48,209
1992,150156941,3,2,0,76,151,75,0.019375,41,178
1997,145162139,1,2,0.030899048,106,181,75,0.020171,41,197
1979,120130601,1,2,0,112,153,41,0.020499,65,128
1992,150147191,6,2,0.021484375,83,125,42,0.020588,41,178
2003,172168266,4,2,0.083879441,110,171,61,0.02114,27,105
1979,120130597,2,2,0,98,137,39,0.021287,65,128
1998,145162230,6,2,0.039627075,96,144,48,0.02189,31,130
1979,120130699,1,2,0,105,131,26,0.022034,65,128
1995,146164004,4,2,0.022598267,111,140,29,0.022135,41,217
1987,125159458,1,2,0.001953125,115,166,51,0.023305,58,187
1995,150159216,3,2,0.051055908,100,167,67,0.023513,41,217
1988,135102267,5,2,0.0390625,104,159,55,0.02454,53,157
2003,172168054,3,2,0.076462269,109,150,41,0.026603,27,105
1978,109137444,3,2,0,98,141,43,0.027019,48,209
1979,120130661,3,2,0,107,152,45,0.027304,65,128
2005,176124303,2,2,0.061608747,108,145,37,0.028448,27,151
1993,142169614,1,2,0,100,166,66,0.029875,42,163
2006,176124854,5,2,0,111,147,36,0.030056,34,89
1992,150147192,3,2,0.021484375,72,142,70,0.030864,41,178
1993,142169619,4,2,0.032226563,109,152,43,0.030927,42,163
1992,150147170,5,2,0,66,148,82,0.031138,41,178
2006,176124642,2,2,0.045164481,104,151,47,0.031232,34,89
1994,143173319,2,2,0,103,151,48,0.031858,52,181
2009,226189072,6,2,0.101344873,111,142,31,0.032939,22,83
1983,125160195,4,2,0,82,155,73,0.032984,54,204
2007,176124870,8,2,0.043547712,87,165,78,0.035016,20,93
2009,226189005,5,2,0.021835256,110,142,32,0.035822,22,83
1979,120130681,5,2,0,97,158,61,0.036198,65,128
2003,176124022,4,2,0.083879441,107,149,42,0.037756,27,105
1979,120130640,2,2,0,103,146,43,0.038157,65,128
2010,226189163,3,2,0.031371352,92,164,72,0.038445,32,191
2010,224130527,5,2,0.027719648,94,140,46,0.038524,32,191
2008,224130451,1,2,0.075713586,111,153,42,0.038617,33,114
1983,125160198,4,2,0,87,135,48,0.038764,54,204
1992,150154639,7,2,0.030151367,69,118,49,0.039124,41,178
2010,226189172,8,2,0.142118708,84,175,91,0.040499,32,191
2003,172168072,7,2,0.053376436,94,162,68,0.041362,27,105
1992,150156909,4,2,0.02734375,78,168,90,0.041504,41,178
2009,226189140,3,2,0.10340804,111,139,28,0.042549,22,83
2008,224130433,7,2,0.065710119,110,155,45,0.042718,33,114
1991,150154534,0,2,0.047851563,96,96,0,0.04287,28,100
2003,172168063,7,2,0.034151077,96,174,78,0.04452,27,105
2000,146130452,2,2,0.095350266,107,107,0,0.048918,15,69
2003,172168073,5,2,0.051881552,110,149,39,0.051625,27,105
1981,120143169,5,2,0,81,153,72,0.055606,19,79
1992,150154596,6,2,0.022949219,78,124,46,0.058655,41,178
2005,176124274,6,2,0.058660984,107,146,39,0.060531,27,151
2003,172168064,6,2,0.10655117,100,149,49,0.064767,27,105
1981,123116282,6,2,0,96,147,51,0.078542,19,79
1990,125164909,10,2,0,90,182,92,0.079137,10,69
2007,176124889,6,2,0.045024857,87,177,90,0.083377,20,93
2007,176124853,5,2,0,100,176,76,0.088274,20,93
1978,117174307,3,2,0,122,157,35,0.001924,48,209
1985,125159363,0,2,0,116,173,57,0.005927,71,214
1986,125159199,2,2,0,113,162,49,0.006617,61,155
1993,142169699,3,2,0.022460938,117,151,34,0.006696,42,163
1986,125158954,2,2,0,118,158,40,0.006832,61,155
1986,125158988,1,2,0,115,147,32,0.007667,61,155
1985,125158835,0,2,0.25,120,157,37,0.007703,71,214
1986,125159133,2,2,0,112,142,30,0.008033,61,155
1995,146164032,3,2,0.074737549,108,163,55,0.008777,41,217
1993,142169677,4,2,0.006469727,104,181,77,0.009296,42,163
1978,109137460,2,2,0,106,142,36,0.009328,48,209
1995,146164001,4,2,0.051055908,111,152,41,0.009395,41,217
2008,224130466,3,2,0.104745446,89,153,64,0.009498,33,114
1984,125158775,2,2,0,104,172,68,0.009725,53,231
1984,125160290,3,2,0,107,160,53,0.010271,53,231
1985,125158819,4,2,0,122,159,37,0.01089,71,214
1986,125159105,3,2,0,101,173,72,0.010931,61,155
1984,125158747,3,2,0,108,145,37,0.010992,53,231
1983,125160184,1,2,0,89,137,48,0.011213,54,204
1985,125159381,3,2,0,116,151,35,0.011293,71,214
1995,150159249,6,2,0.048492432,98,178,80,0.011396,41,217
1994,145120406,0,2,0.139297485,120,120,0,0.011456,52,181
1995,150159291,4,2,0.106719971,101,134,33,0.011555,41,217
1986,125159241,2,2,0.0078125,128,173,45,0.012518,61,155
1986,125159239,0,2,0,117,182,65,0.01258,61,155
1996,146164129,2,2,0.040802002,112,163,51,0.01261,46,155
1983,125160206,5,2,0,76,160,84,0.012731,54,204
1986,125159114,2,2,0.001464844,110,141,31,0.01277,61,155
1985,125158828,1,2,0.03125,119,156,37,0.013156,71,214
1985,125159355,3,2,0,122,163,41,0.013365,71,214
1985,125159398,1,2,0.0078125,119,132,13,0.013436,71,214
1997,145162137,4,2,0.038612366,110,152,42,0.013625,41,197
1986,125158978,2,2,0.125,120,159,39,0.014072,61,155
1986,125159107,1,2,0,100,150,50,0.014347,61,155
1994,143173590,5,2,0.02116394,107,152,45,0.014354,52,181
1984,125158751,3,2,0,92,167,75,0.015556,53,231
1978,117174301,5,2,0,103,160,57,0.01556,48,209
1997,145162149,7,2,0.065612793,111,181,70,0.015795,41,197
1995,150159220,6,2,0.15215683,117,162,45,0.01596,41,217
1996,146164061,1,2,0.010742188,103,133,30,0.016071,46,155
1994,143173594,4,2,0.078613281,112,156,44,0.016132,52,181
1992,150147167,2,2,0.02734375,86,144,58,0.016301,41,178
1985,125158869,1,2,0,107,136,29,0.016449,71,214
1978,109137437,8,2,0,102,142,40,0.01649,48,209
1995,150159267,2,2,0.211364746,116,166,50,0.016673,41,217
1984,125160279,2,2,0,101,141,40,0.016685,53,231
1983,125160216,8,2,0,55,165,110,0.016752,54,204
1993,142169696,1,2,0.032226563,115,115,0,0.016789,42,163
1997,146164290,2,2,0.112068176,110,148,38,0.016878,41,197
1999,146130348,4,2,0.03352356,115,167,52,0.016946,14,60
1986,125159243,2,2,0,127,138,11,0.016993,61,155
1978,117174326,4,2,0,142,142,0,0.017304,48,209
1996,146164109,2,2,0.023330688,99,144,45,0.017606,46,155
1995,150159289,5,2,0.083236694,102,134,32,0.01768,41,217
1994,145120429,0,2,0.044921875,103,176,73,0.017908,52,181
1993,145120644,3,2,0.006469727,116,175,59,0.018006,42,163
1996,146164182,2,2,0.06678772,123,147,24,0.018225,46,155
2009,226189046,5,2,0.060868696,106,172,66,0.018379,22,83
1986,125159274,3,2,0,107,167,60,0.018433,61,155
1983,125160177,1,2,0,83,169,86,0.019281,54,204
1995,150159244,2,2,0,103,137,34,0.019286,41,217
1994,143173318,4,2,0,112,164,52,0.019294,52,181
1986,125159151,1,2,0.15625,120,148,28,0.019397,61,155
1995,150159271,7,2,0.074737549,91,133,42,0.01956,41,217
1983,125160182,3,2,0,94,141,47,0.019596,54,204
1994,145120455,1,2,0.040802002,100,151,51,0.019637,52,181
1983,125160194,3,2,0,81,163,82,0.019709,54,204
1993,142169630,2,2,0.211364746,105,160,55,0.019824,42,163
1985,125158853,1,2,0.0625,121,121,0,0.019906,71,214
1985,125158900,1,2,0,106,134,28,0.020031,71,214
1983,125160197,3,2,0,80,121,41,0.020058,54,204
2004,176124151,4,2,0.067552209,97,142,45,0.020515,16,86
1978,117174318,3,2,0,108,159,51,0.02065,48,209
1978,117174308,7,2,0,101,139,38,0.020674,48,209
1997,146164278,5,2,0.030487061,101,165,64,0.021074,41,197
1987,135102073,3,2,0,117,128,11,0.021087,58,187
1985,125159207,9,2,0.25,95,159,64,0.02127,71,214
1986,125158917,2,2,0.03515625,100,138,38,0.021823,61,155
1992,150147165,5,2,0.02734375,83,132,49,0.021956,41,178
1993,142169626,3,2,0,99,149,50,0.021998,42,163
1999,145162452,2,2,0.055015564,122,164,42,0.022012,14,60
1978,109137498,2,2,0,104,145,41,0.022454,48,209
2001,146130789,6,2,0.10655117,109,157,48,0.022483,11,71
1983,125160204,5,2,0,82,124,42,0.022735,54,204
1994,143173570,6,2,0,105,147,42,0.023128,52,181
1983,125160179,3,2,0,97,135,38,0.023135,54,204
1991,142169535,5,2,0.022949219,99,136,37,0.023136,28,100
1985,125159230,2,2,0,102,171,69,0.023211,71,214
2003,176124111,5,2,0,101,143,42,0.023516,27,105
1994,143173553,2,2,0,110,141,31,0.023731,52,181
1992,150156911,2,2,0.02734375,83,131,48,0.023743,41,178
1983,125160244,2,2,0,88,159,71,0.024087,54,204
1997,145162037,4,2,0.061889648,110,155,45,0.024175,41,197
1992,150156902,2,2,0.14855957,98,127,29,0.024249,41,178
2004,172168329,5,2,0.052678347,91,135,44,0.024266,16,86
2007,176124868,4,2,0.112075567,98,141,43,0.024266,20,93
1999,145162402,3,2,0.071974277,126,175,49,0.02436,14,60
1986,125159150,3,2,0.15625,103,160,57,0.024469,61,155
1996,146164145,2,2,0.110004425,105,173,68,0.025098,46,155
1992,150147166,3,2,0.02734375,76,139,63,0.025457,41,178
1994,143173306,4,2,0.048858643,96,154,58,0.025579,52,181
1999,146130301,0,2,0.074457169,142,142,0,0.026065,14,60
1984,125158763,2,2,0,83,178,95,0.026144,53,231
1986,125158953,0,2,0,108,176,68,0.026307,61,155
1998,145162225,5,2,0.013427734,101,146,45,0.026925,31,130
1994,143173551,3,2,0.152160645,120,145,25,0.027309,52,181
1998,145162315,5,2,0.093849182,100,142,42,0.028096,31,130
2009,226189123,4,2,0.08497406,122,147,25,0.028418,22,83
2007,176124883,4,2,0.066262179,100,165,65,0.03043,20,93
1993,145120621,1,2,0.14855957,106,139,33,0.030544,42,163
2003,172168057,3,2,0.080468178,123,123,0,0.030559,27,105
1991,142169559,9,2,0,92,163,71,0.031178,28,100
2001,146130772,6,2,0.114452362,98,184,86,0.031258,11,71
1986,125158938,0,2,0,97,176,79,0.031284,61,155
1994,145120449,0,2,0.305206299,106,169,63,0.031295,52,181
2005,176124292,6,2,0.051881552,88,166,78,0.031569,27,151
2007,196195812,6,2,0,101,149,48,0.032215,20,93
2002,172168043,3,2,0,105,146,41,0.034809,26,102
2005,176124417,3,2,0.053376436,95,154,59,0.034906,27,151
2007,176124828,5,2,0.067623034,107,154,47,0.035001,20,93
2003,172168084,2,2,0,102,176,74,0.03503,27,105
2009,226189116,2,2,0.008697897,112,176,64,0.035509,22,83
2007,176124872,4,2,0,98,160,62,0.036388,20,93
2002,172168004,0,2,0.10655117,110,141,31,0.037016,26,102
2006,176124499,4,2,0.034362599,115,169,54,0.037448,34,89
2005,176124382,5,2,0.068968773,108,136,28,0.037497,27,151
1991,142169558,4,2,0,93,172,79,0.038114,28,100
2003,176124026,4,2,0.085006833,106,147,41,0.038616,27,105
2009,226189060,6,2,0.138352355,112,152,40,0.041874,22,83
1985,125158807,4,2,0,93,190,97,0.04332,71,214
2009,226189028,1,2,0.097623958,114,161,47,0.043438,22,83
2009,226189007,8,2,0.043139982,107,153,46,0.04656,22,83
1987,125159412,1,2,0.015625,105,145,40,0.046579,58,187
1991,150154533,4,2,0.047851563,101,178,77,0.047533,28,100
2007,146130794,3,2,0.033618927,97,137,40,0.05323,20,93
2002,146130794,5,2,0.033618927,101,163,62,0.05323,26,102
2006,176124629,4,2,0,103,149,46,0.058876,34,89
2006,176124552,3,2,0.049155414,115,152,37,0.063319,34,89
2006,176124650,6,2,0.045740783,105,149,44,0.06417,34,89
2009,226189045,6,2,0.060868696,109,151,42,0.067628,22,83
1988,135102369,7,2,0.001953125,108,148,40,0.106418,53,157
1979,117174307,0,3,0,123,123,0,0.001924,65,128
1985,125158717,4,3,0,101,151,50,0.00567,71,214
1988,125159428,1,3,0,119,146,27,0.006528,53,157
1994,142169699,0,3,0.022460938,120,167,47,0.006696,52,181
1986,125158835,0,3,0.25,139,139,0,0.007703,61,155
1979,117174342,2,3,0,99,135,36,0.008841,65,128
1979,109137460,2,3,0,113,138,25,0.009328,65,128
2009,224130466,1,3,0.104745446,101,101,0,0.009498,22,83
1985,125158775,1,3,0,126,126,0,0.009725,71,214
1985,125160281,4,3,0,98,162,64,0.0106,71,214
1986,125158819,1,3,0,129,141,12,0.01089,61,155
1985,125158747,0,3,0,130,170,40,0.010992,71,214
1984,125160184,0,3,0,92,92,0,0.011213,53,231
1979,109137462,2,3,0,99,161,62,0.011225,65,128
1996,150159249,3,3,0.048492432,114,144,30,0.011396,46,155
1997,146164129,5,3,0.040802002,113,186,73,0.01261,41,197
1988,125159486,2,3,0.25,128,167,39,0.012709,53,157
1984,125160206,6,3,0,98,142,44,0.012731,53,231
1986,125158828,1,3,0.03125,122,165,43,0.013156,61,155
1988,125159476,3,3,0,111,149,38,0.013319,53,157
1998,145162137,2,3,0.038612366,105,154,49,0.013625,31,130
1987,125159107,0,3,0,93,138,45,0.014347,58,187
1995,143173590,5,3,0.02116394,97,139,42,0.014354,41,217
1985,125158751,3,3,0,96,160,64,0.015556,71,214
1979,117174301,2,3,0,110,145,35,0.01556,65,128
1998,145162149,5,3,0.065612793,97,170,73,0.015795,31,130
1996,150159220,2,3,0.15215683,114,142,28,0.01596,46,155
1997,146164061,3,3,0.010742188,111,156,45,0.016071,41,197
1995,143173594,5,3,0.078613281,108,148,40,0.016132,41,217
1979,109137437,2,3,0,115,152,37,0.01649,65,128
1996,150159267,0,3,0.211364746,115,132,17,0.016673,46,155
1998,146164290,1,3,0.112068176,113,163,50,0.016878,31,130
2000,146130348,2,3,0.03352356,100,169,69,0.016946,15,69
1988,125159500,1,3,0,116,162,46,0.01706,53,157
1979,117174326,2,3,0,109,142,33,0.017304,65,128
1997,146164109,9,3,0.023330688,99,180,81,0.017606,41,197
2010,226189046,6,3,0.060868696,101,169,68,0.018379,32,191
1987,125159151,0,3,0.15625,112,112,0,0.019397,58,187
1979,109137472,3,3,0,99,99,0,0.01946,65,128
1988,125159471,2,3,0.01953125,106,178,72,0.019568,53,157
1984,125160182,0,3,0,129,129,0,0.019596,53,231
1979,117174318,2,3,0,113,161,48,0.02065,65,128
1979,117174308,1,3,0,109,109,0,0.020674,65,128
1998,146164278,1,3,0.030487061,81,125,44,0.021074,31,130
1988,135102073,0,3,0,161,161,0,0.021087,53,157
1994,142169626,2,3,0,124,169,45,0.021998,52,181
2000,145162452,5,3,0.055015564,91,164,73,0.022012,15,69
1979,109137498,1,3,0,153,153,0,0.022454,65,128
1992,142169535,4,3,0.022949219,79,146,67,0.023136,41,178
1998,145162037,2,3,0.061889648,92,154,62,0.024175,31,130
2005,172168329,4,3,0.052678347,102,135,33,0.024266,27,151
1993,150147166,2,3,0.02734375,101,140,39,0.025457,42,163
1988,125159457,4,3,0,104,161,57,0.025725,53,157
2002,146130772,3,3,0.114452362,104,148,44,0.031258,26,102
1995,145120449,6,3,0.305206299,100,160,60,0.031295,41,217
2006,176124292,4,3,0.051881552,113,152,39,0.031569,34,89
2003,172168043,3,3,0,103,141,38,0.034809,27,105
2006,176124417,5,3,0.053376436,117,147,30,0.034906,34,89
2008,176124828,0,3,0.067623034,112,170,58,0.035001,33,114
1988,135102071,3,3,0.0625,99,140,41,0.035169,53,157
2003,172168004,2,3,0.10655117,111,149,38,0.037016,27,105
2007,176124499,6,3,0.034362599,96,158,62,0.037448,20,93
2006,176124382,5,3,0.068968773,120,162,42,0.037497,34,89
2004,176124026,3,3,0.085006833,105,105,0,0.038616,16,86
2010,226189060,7,3,0.138352355,87,164,77,0.041874,32,191
1986,125158807,1,3,0,113,145,32,0.04332,61,155
2010,226189028,1,3,0.097623958,101,130,29,0.043438,32,191
1992,150154533,3,3,0.047851563,81,130,49,0.047533,41,178
2010,226189045,2,3,0.060868696,150,150,0,0.067628,32,191
1989,135102369,8,3,0.001953125,102,176,74,0.106418,4,20
1986,125159363,1,3,0,120,186,66,0.005927,61,155
1996,146164032,2,3,0.074737549,109,141,32,0.008777,46,155
1994,142169677,3,3,0.006469727,101,146,45,0.009296,52,181
1996,146164001,4,3,0.051055908,105,165,60,0.009395,46,155
1985,125160300,4,3,0,99,157,58,0.00982,71,214
1985,125160290,0,3,0,126,159,33,0.010271,71,214
1986,125159381,2,3,0,109,155,46,0.011293,61,155
1995,145120406,2,3,0.139297485,115,152,37,0.011456,41,217
1996,150159291,3,3,0.106719971,103,166,63,0.011555,46,155
1985,125160291,3,3,0,113,160,47,0.012319,71,214
1986,125159355,0,3,0,119,165,46,0.013365,61,155
1986,125159398,1,3,0.0078125,103,166,63,0.013436,61,155
1993,150147167,4,3,0.02734375,102,169,67,0.016301,42,163
1986,125158869,1,3,0,114,136,22,0.016449,61,155
1985,125160279,0,3,0,132,156,24,0.016685,71,214
1984,125160216,2,3,0,94,166,72,0.016752,53,231
1994,142169696,5,3,0.032226563,107,145,38,0.016789,52,181
1996,150159289,1,3,0.083236694,99,131,32,0.01768,46,155
1995,145120429,5,3,0.044921875,98,156,58,0.017908,41,217
1994,145120644,0,3,0.006469727,105,168,63,0.018006,52,181
1997,146164182,5,3,0.06678772,120,160,40,0.018225,41,197
1984,125160177,3,3,0,102,168,66,0.019281,53,231
1996,150159244,2,3,0,126,160,34,0.019286,46,155
1995,143173318,6,3,0,96,154,58,0.019294,41,217
1996,150159271,5,3,0.074737549,94,189,95,0.01956,46,155
1995,145120455,7,3,0.040802002,86,152,66,0.019637,41,217
1984,125160194,2,3,0,87,162,75,0.019709,53,231
1994,142169630,1,3,0.211364746,104,142,38,0.019824,52,181
1986,125158853,1,3,0.0625,127,127,0,0.019906,61,155
1986,125158900,2,3,0,111,156,45,0.020031,61,155
2005,176124151,7,3,0.067552209,85,179,94,0.020515,27,151
1986,125159207,1,3,0.25,116,190,74,0.02127,61,155
1987,125158917,0,3,0.03515625,90,176,86,0.021823,58,187
1993,150147165,1,3,0.02734375,105,165,60,0.021956,42,163
2002,146130789,2,3,0.10655117,118,133,15,0.022483,26,102
1995,143173570,7,3,0,96,136,40,0.023128,41,217
1986,125159230,3,3,0,100,172,72,0.023211,61,155
2004,176124111,3,3,0,94,166,72,0.023516,16,86
1995,143173553,4,3,0,100,158,58,0.023731,41,217
1993,150156911,3,3,0.02734375,112,150,38,0.023743,42,163
1993,150156902,2,3,0.14855957,101,168,67,0.024249,42,163
2008,176124868,2,3,0.112075567,110,146,36,0.024266,33,114
2000,145162402,5,3,0.071974277,96,140,44,0.02436,15,69
1997,146164145,5,3,0.110004425,108,142,34,0.025098,41,197
1995,143173306,5,3,0.048858643,96,138,42,0.025579,41,217
2000,146130301,2,3,0.074457169,98,143,45,0.026065,15,69
1985,125158763,1,3,0,98,161,63,0.026144,71,214
1987,125158953,0,3,0,110,152,42,0.026307,58,187
1999,145162225,4,3,0.013427734,119,145,26,0.026925,14,60
1995,143173551,6,3,0.152160645,103,145,42,0.027309,41,217
1999,145162315,2,3,0.093849182,133,162,29,0.028096,14,60
2010,226189123,2,3,0.08497406,84,165,81,0.028418,32,191
2008,176124883,0,3,0.066262179,100,145,45,0.03043,33,114
1994,145120621,0,3,0.14855957,104,174,70,0.030544,52,181
2004,172168057,4,3,0.080468178,101,153,52,0.030559,16,86
1992,142169559,5,3,0,79,165,86,0.031178,41,178
1987,125158938,2,3,0,93,135,42,0.031284,58,187
2008,196195812,4,3,0,99,179,80,0.032215,33,114
2004,172168084,6,3,0,94,155,61,0.03503,16,86
2010,226189116,5,3,0.008697897,95,141,46,0.035509,32,191
2008,176124872,5,3,0,101,139,38,0.036388,33,114
1992,142169558,3,3,0,72,159,87,0.038114,41,178
2010,226189007,7,3,0.043139982,91,133,42,0.04656,32,191
1988,125159412,0,3,0.015625,112,157,45,0.046579,53,157
2003,146130794,4,3,0.033618927,101,148,47,0.05323,27,105
2007,176124629,5,3,0,106,153,47,0.058876,20,93
2007,176124552,5,3,0.049155414,95,173,78,0.063319,20,93
2007,176124650,5,3,0.045740783,95,165,70,0.06417,20,93
1988,125159199,0,4,0,109,109,0,0.006617,53,157
1988,125158954,0,4,0,114,154,40,0.006832,53,157
1988,125158988,1,4,0,126,155,29,0.007667,53,157
1988,125159133,6,4,0,102,141,39,0.008033,53,157
1997,146164032,2,4,0.074737549,110,157,47,0.008777,41,197
1986,125160300,0,4,0,108,170,62,0.00982,61,155
1988,125159105,0,4,0,100,100,0,0.010931,53,157
1997,150159291,6,4,0.106719971,105,150,45,0.011555,41,197
1988,125159241,2,4,0.0078125,115,149,34,0.012518,53,157
1988,125159239,4,4,0,104,170,66,0.01258,53,157
1988,125159114,4,4,0.001464844,110,188,78,0.01277,53,157
1988,125158978,0,4,0.125,127,163,36,0.014072,53,157
1994,150147167,3,4,0.02734375,119,168,49,0.016301,52,181
1995,142169696,4,4,0.032226563,113,113,0,0.016789,41,217
1988,125159243,2,4,0,116,148,32,0.016993,53,157
1997,150159289,3,4,0.083236694,105,164,59,0.01768,41,197
1996,145120429,0,4,0.044921875,98,124,26,0.017908,46,155
1988,125159274,3,4,0,105,163,58,0.018433,53,157
1997,150159271,5,4,0.074737549,123,162,39,0.01956,41,197
1996,145120455,3,4,0.040802002,101,156,55,0.019637,46,155
1987,125158853,0,4,0.0625,125,165,40,0.019906,58,187
1985,125160197,0,4,0,123,167,44,0.020058,71,214
1988,125158917,0,4,0.03515625,106,179,73,0.021823,53,157
2003,146130789,6,4,0.10655117,107,155,48,0.022483,27,105
1985,125160204,0,4,0,101,101,0,0.022735,71,214
1985,125160179,0,4,0,123,152,29,0.023135,71,214
1987,125159230,0,4,0,108,173,65,0.023211,58,187
1996,143173553,4,4,0,112,157,45,0.023731,46,155
1994,150156911,3,4,0.02734375,103,164,61,0.023743,52,181
1985,125160244,5,4,0,94,156,62,0.024087,71,214
1994,150156902,0,4,0.14855957,122,122,0,0.024249,52,181
1988,125159150,2,4,0.15625,110,139,29,0.024469,53,157
1998,146164145,0,4,0.110004425,127,127,0,0.025098,31,130
1988,125158953,5,4,0,109,192,83,0.026307,53,157
2000,145162225,3,4,0.013427734,108,156,48,0.026925,15,69
2000,145162315,1,4,0.093849182,109,109,0,0.028096,15,69
1981,120130529,4,4,0,84,161,77,0.028465,19,79
1981,120130604,4,4,0,102,163,61,0.029606,19,79
1995,145120621,0,4,0.14855957,101,166,65,0.030544,41,217
1988,125158938,2,4,0,103,162,59,0.031284,53,157
2005,172168084,6,4,0,97,165,68,0.03503,27,151
2008,176124629,3,4,0,102,160,58,0.058876,33,114
2008,176124552,5,4,0.049155414,98,139,41,0.063319,33,114
1995,142169677,6,4,0.006469727,100,137,37,0.009296,41,217
1997,146164001,4,4,0.051055908,120,156,36,0.009395,41,197
1986,125160290,1,4,0,140,165,25,0.010271,61,155
1996,145120406,1,4,0.139297485,115,160,45,0.011456,46,155
1986,125160291,2,4,0,126,151,25,0.012319,61,155
1986,125160279,1,4,0,101,190,89,0.016685,61,155
1985,125160216,2,4,0,109,163,54,0.016752,71,214
1995,145120644,4,4,0.006469727,103,141,38,0.018006,41,217
1998,146164182,1,4,0.06678772,115,149,34,0.018225,31,130
1985,125160177,3,4,0,112,155,43,0.019281,71,214
1997,150159244,1,4,0,125,163,38,0.019286,41,197
1996,143173318,1,4,0,104,180,76,0.019294,46,155
1985,125160194,1,4,0,100,143,43,0.019709,71,214
1995,142169630,5,4,0.211364746,103,140,37,0.019824,41,217
2006,176124151,2,4,0.067552209,136,136,0,0.020515,34,89
1994,150147165,3,4,0.02734375,107,144,37,0.021956,52,181
1996,143173570,1,4,0,103,137,34,0.023128,46,155
2009,176124868,4,4,0.112075567,113,155,42,0.024266,22,83
2001,145162402,3,4,0.071974277,101,168,67,0.02436,11,71
1996,143173306,1,4,0.048858643,106,148,42,0.025579,46,155
2001,146130301,3,4,0.074457169,97,172,75,0.026065,11,71
1986,125158763,2,4,0,99,170,71,0.026144,61,155
1996,143173551,2,4,0.152160645,115,149,34,0.027309,46,155
2009,176124883,4,4,0.066262179,114,158,44,0.03043,22,83
2005,172168057,6,4,0.080468178,93,136,43,0.030559,27,151
1993,142169559,3,4,0,102,185,83,0.031178,42,163
2009,196195812,4,4,0,105,141,36,0.032215,22,83
2009,176124872,4,4,0,107,169,62,0.036388,22,83
1993,142169558,2,4,0,103,173,70,0.038114,42,163
1989,125159412,3,4,0.015625,108,161,53,0.046579,4,20
2004,146130794,7,4,0.033618927,114,178,64,0.05323,16,86
2008,176124650,3,4,0.045740783,98,170,72,0.06417,33,114
1988,125159363,1,5,0,117,143,26,0.005927,53,157
1996,142169677,3,5,0.006469727,106,143,37,0.009296,46,155
1998,146164001,2,5,0.051055908,96,144,48,0.009395,31,130
1987,125160290,0,5,0,134,134,0,0.010271,58,187
1988,125159381,1,5,0,115,191,76,0.011293,53,157
1998,145120406,0,5,0.139297485,125,125,0,0.011456,31,130
1987,125160291,0,5,0,117,143,26,0.012319,58,187
1988,125159355,1,5,0,103,179,76,0.013365,53,157
1988,125159398,0,5,0.0078125,137,165,28,0.013436,53,157
1988,125158869,1,5,0,115,186,71,0.016449,53,157
1988,125160279,0,5,0,102,153,51,0.016685,53,157
1988,125160216,3,5,0,119,151,32,0.016752,53,157
1996,145120644,2,5,0.006469727,102,156,54,0.018006,46,155
2002,146164182,2,5,0.06678772,110,142,32,0.018225,26,102
1987,125160177,0,5,0,142,178,36,0.019281,58,187
2000,150159244,0,5,0,98,172,74,0.019286,15,69
1997,143173318,6,5,0,104,179,75,0.019294,41,197
1986,125160194,4,5,0,99,145,46,0.019709,61,155
1997,142169630,3,5,0.211364746,109,163,54,0.019824,41,197
1988,125158900,1,5,0,141,141,0,0.020031,53,157
2007,176124151,6,5,0.067552209,92,183,91,0.020515,20,93
1988,125159207,2,5,0.25,148,148,0,0.02127,53,157
1995,150147165,6,5,0.02734375,108,139,31,0.021956,41,217
1997,143173570,5,5,0,102,163,61,0.023128,41,197
2005,176124111,10,5,0,100,189,89,0.023516,27,151
2010,176124868,7,5,0.112075567,88,161,73,0.024266,32,191
2002,145162402,0,5,0.071974277,126,157,31,0.02436,26,102
1997,143173306,4,5,0.048858643,110,200,90,0.025579,41,197
2003,146130301,4,5,0.074457169,104,168,64,0.026065,27,105
1987,125158763,0,5,0,109,173,64,0.026144,58,187
1997,143173551,0,5,0.152160645,109,193,84,0.027309,41,197
2010,176124883,2,5,0.066262179,97,157,60,0.03043,32,191
2006,172168057,2,5,0.080468178,123,151,28,0.030559,34,89
1996,142169559,3,5,0,103,149,46,0.031178,46,155
2010,176124872,8,5,0,91,162,71,0.036388,32,191
1994,142169558,1,5,0,105,161,56,0.038114,52,181
1990,125159412,3,5,0.015625,80,80,0,0.046579,10,69
2008,146130794,2,5,0.033618927,121,169,48,0.05323,33,114
2010,176124650,7,5,0.045740783,80,154,74,0.06417,32,191
1997,145120406,1,5,0.139297485,116,116,0,0.011456,41,197
1986,125160216,0,5,0,115,142,27,0.016752,61,155
1999,146164182,2,5,0.06678772,126,164,38,0.018225,14,60
2000,146164182,2,5,0.06678772,103,143,40,0.018225,15,69
2001,146164182,5,5,0.06678772,119,156,37,0.018225,11,71
1986,125160177,1,5,0,132,160,28,0.019281,61,155
1999,150159244,1,5,0,123,188,65,0.019286,14,60
1998,150159244,3,5,0,90,173,83,0.019286,31,130
1996,142169630,2,5,0.211364746,102,144,42,0.019824,46,155
2002,146130301,4,5,0.074457169,103,177,74,0.026065,26,102
1994,142169559,5,5,0,103,145,42,0.031178,52,181
1995,142169559,6,5,0,101,139,38,0.031178,41,217
2010,196195812,7,5,0,85,133,48,0.032215,32,191
2005,146130794,8,5,0.033618927,99,173,74,0.05323,27,151
2009,176124650,2,5,0.045740783,106,144,38,0.06417,22,83
