"","site","stream","month","day","year","latitude","longitude","huc4","habitat_sampled_length_m","prosper_ma","MJJA_HIST","BFICat","ICI_v2_1","wet_dry","wet_dry_01","wet_wetdry_dry","mean_depth_m","max_depth_m","mean_width_m","depth_x_width_m2","discharge_m3_s","mean_velocity_m_s","percent_pool","percent_riffle","percent_run","wetted_area_m2","wetted_area_per100m","temp_c","conductivity","specific_cond","percent_do","do_mg_L","turbidity_cm","dom_substrate"
"1","12","Antelope Creek",7,20,2022,43.48132,-105.2058,"1012",100,0.715406069,82.7324295,37.438,0.849332048426787,"Wet",1,"Wet",NA,NA,NA,NA,NA,NA,0,0,100,749.346,749.346,30.2,NA,1322,162.9,NA,95,NA
"2","33","Arch Creek",8,3,2022,44.31392,-104.67812,"1012",100,0.571018187,6.75172997,82,0.855570816481903,"Dry",0,"WetDry",0.08333333,0.8,0.73,0.06083333,NA,NA,92.0769998,0,7.9230002,182.494,182.494,17.3,NA,1379,47.3,4.5,20,NA
"3","75","Bitter Creek",8,8,2022,45.031,-105.882,"1009",100,0.625109087,9.67660141,49.5886,0.827251448868994,"Dry",0,"Dry",0,0,0,0,0,0,0,0,0,0,0,NA,NA,NA,NA,NA,NA,NA
"4","17","Box Creek",7,20,2022,43.101,-105.262,"1012",100,0.613042422,4.98849344,39.9714,0.849017518282876,"Dry",0,"Dry",0,0,0,0,0,0,0,0,0,0,0,NA,NA,NA,NA,NA,NA,NA
"5","74","Boxelder Creek",8,1,2022,45.49322,-104.45287,"1011",100,0.695981826,45.35750198,37,0.407679750309902,"Wet",1,"Wet",0.31533333,0.84,4.1283333,1.30180111,0.000748,0.000666667,0,0,100,400.048,400.048,22.3,NA,6611,98.5,8.34,35.5,NA
"6","15","Caballo Creek",8,4,2022,44.085,-105.28,"1012",100,0.722636362,28.8509388,50,0.844710598084377,"Dry",0,"Dry",0,0,0,0,0,0,0,0,0,0,0,NA,NA,NA,NA,NA,NA,NA
"7","37","Cabin Creek",7,13,2022,44.49802,-104.79692,"1012",100,0.583484847,4.59467268,70,0.792813365461586,"Wet",1,"Wet",NA,NA,NA,NA,0.011151,0.004,NA,NA,NA,NA,NA,23.6,NA,2410,70.4,NA,93,NA
"8","62","Crazy Woman Creek",7,27,2022,44.47807,-106.2279,"1009",100,0.783315146,95.35053253,49,0.828089489693268,"Wet",1,"Wet",NA,NA,NA,NA,0.072128,0.032666667,13.0015183,18.3407548,68.6577269,706.056,706.056,23,NA,1992,84.4,NA,24.5,NA
"9","60","Donkey Creek",7,8,2022,44.587,-106.529,"1009",100,0.398072726,0.53741449,58.1963,0.841510998081125,"Dry",0,"Dry",0,0,0,0,0,0,0,0,0,0,0,NA,NA,NA,NA,NA,NA,NA
"10","38","Dugout Creek",7,21,2022,43.47638,-106.4127,"1009",100,0.490848484,3.47630501,65,0.599203089653117,"Dry",0,"WetDry",NA,NA,NA,NA,NA,NA,91.0980041,0,8.9019959,146.147,146.147,20.5,NA,8924,91.2,NA,13,NA
"11","83","East Fork Little Powder River",8,9,2022,45.35049,-105.25307,"1009",100,0.648915145,11.13413906,39.046,0.751281112252395,"Wet",1,"Wet",0.42333333,0.87,1.3033333,0.55174444,0.05924,0.159285714,0,47.0204255,52.9795745,108.002,108.002,20.5,NA,1598,100.5,9,13.5,NA
"12","45","Horse Ranch Creek",7,21,2022,43.183,-106.339,"1009",100,0.54226666,0.43483683,53,0.895780452914201,"Dry",0,"Dry",0,0,0,0,0,0,0,0,0,0,0,NA,NA,NA,NA,NA,NA,NA
"13","19","Indian Creek",7,18,2022,42.96036,-104.17644,"1012",100,0.627787872,4.15549517,60,0.857723901686579,"Wet",1,"Wet",NA,NA,NA,NA,0.004655,0.038,NA,NA,NA,NA,NA,23.6,NA,501,95.3,NA,17.5,NA
"14","85","Inyan Kara Creek",7,14,2022,44.44522,-104.72514,"1012",100,0.807193939,33.89693451,72.8189,0.707302214377647,"Wet",1,"Wet",NA,NA,NA,NA,0.00189,0.005333333,47.4111012,8.3230625,44.2658363,229.615,229.615,27.3,NA,0.1,117.6,NA,93,NA
"15","63","Lance Creek",7,19,2022,43.1396,-104.61629,"1012",100,0.749006055,21.29265213,48.307,0.853050982168074,"Wet",1,"Wet",NA,NA,NA,NA,0.0038869,0.027333333,13.1448005,15.6497663,71.2054333,99.682,99.682,19.7,NA,2953,94.1,NA,43,NA
"16","76","Little Missouri River",8,3,2022,45.1298,-104.35327,"1011",100,0.698696982,109.71977234,47.7495,0.663144040436527,"Wet",1,"Wet",0.40633333,0.76,11.2333333,4.56447778,0.006993,0.003333333,0,0,100,1257.491,1257.491,20.5,NA,1981,79.9,7.14,16,NA
"17","69","Mitzpah Creek",8,3,2022,46.221,-105.302,"1009",100,0.64931515,51.29396057,19.9963,0.616698174388319,"Dry",0,"WetDry",NA,NA,NA,NA,NA,NA,88.7813875,0,11.2186125,225.01,225.01,34,NA,3247,155.3,10.87,17.5,NA
"18","44","Mule Creek",7,19,2022,43.362,-104.227,"1012",100,0.164612122,5.09503508,63.0861,0.876955959819942,"Dry",0,"Dry",0,0,0,0,0,0,0,0,0,0,0,NA,NA,NA,NA,NA,NA,NA
"19","64","North Fork Crazy Woman Creek",7,1,2022,44.08814,-106.67921,"1009",100,0.747509084,30.8505497,60.9287,0.908955554651127,"Wet",1,"Wet",NA,NA,NA,NA,0.08142,0.074,NA,NA,NA,NA,NA,18.2,NA,1292,77.4,NA,36,NA
"20","72","Otter Creek",7,26,2022,45.40295,-106.1424,"1009",100,0.77903031,30.31582642,53.8854,0.766545417240212,"Wet",1,"Wet",NA,NA,NA,NA,0.009982,0.006666667,0,0,100,604.345,604.345,23.2,NA,4145,90.1,NA,95,NA
"21","78","Ranch Creek",7,25,2022,45.057,-105.23856,"1009",100,0.524030303,3.39101958,50,0.852585925249755,"Wet",1,"Wet",NA,NA,NA,NA,0.0046657,0.019333333,0,3.8604781,96.1395219,254.813,254.813,20.9,NA,0.1,76.7,NA,25,NA
"22","70","Rosebud Creek",7,11,2022,45.21595,-106.97495,"1010",100,0.764054551,2.99527669,62.8578,0.761753447804852,"Wet",1,"Wet",NA,NA,NA,NA,0.00307,0.020666667,11.8726676,0.5665213,87.5608111,111.205,111.205,16.6,NA,8.6,40.5,NA,95,NA
"23","39","SA Creek",8,8,2022,44.922,-105.903,"1009",100,0.498878789,4.45708323,49,0.834628382697151,"Dry",0,"Dry",0,0,0,0,0,0,0,0,0,0,0,NA,NA,NA,NA,NA,NA,NA
"24","10","Salt Creek",7,28,2022,43.426619,-106.29077,"1009",100,0.714181804,32.23791885,61.8658,0.802492969566347,"Wet",1,"Wet",NA,NA,NA,NA,0.0371142,0.014615385,NA,NA,NA,NA,NA,24.1,NA,4594,130,10.77,95,NA
"25","73","Sarpy Creek",7,11,2022,45.91778,-107.12907,"1010",100,0.724345455,13.81058216,53,0.809285939280296,"Wet",1,"Wet",NA,NA,NA,NA,0.000955,0.006,10.8026437,0.5320725,88.6652837,222.714,222.714,25.9,NA,6982,208.5,NA,95,NA
"26","26","South Fork Powder River",7,28,2022,43.32822,-106.68095,"1009",100,0.618060602,31.70162582,63,0.785424829539571,"Wet",1,"Wet",0.07466667,0.19,2.715,0.20272,0.03179,0.260666667,1.7525026,27.1629978,71.0844996,252.439,252.439,24.9,NA,3561,100,8.18,90,NA
"27","65","Spotted Horse Creek",8,8,2022,44.749,-105.894,"1009",100,0.574660608,3.8933568,50,0.820209635731139,"Dry",0,"Dry",0,0,0,0,0,0,0,0,0,0,0,NA,NA,NA,NA,NA,NA,NA
"28","77","Tie Creek",8,2,2022,45.53348,-104.13185,"1011",100,0.605387883,3.50111103,38,0.680591544187292,"Dry",0,"WetDry",NA,0.15,NA,NA,NA,NA,100,0,0,67.034,67.034,22.9,NA,1860,-0.4,-0.003,5,NA
"29","52","Unnamed 1",8,10,2022,43.44779,-106.27551,"1009",100,0.401393938,0.95533186,61.963,0.726568778777028,"Wet",1,"Wet",0.13766667,0.72,0.9316667,0.12825944,0.004431,0.014,31.105177,10.8057924,58.0890305,104.481,104.481,20.9,NA,1969,85.2,7.56,12.5,NA
"30","59","Unnamed 2",NA,NA,2022,43.483,-106.421,"1009",100,0.376945457,1.04208279,65,0.682676556260796,"Dry",0,"Dry",0,0,0,0,0,0,0,0,0,0,0,NA,NA,NA,NA,NA,NA,NA
"31","40","Unnamed 3",7,8,2022,44.094,-106.712,"1009",100,0.481296978,0.20363173,63.8506,0.584541566384265,"Dry",0,"Dry",0,0,0,0,0,0,0,0,0,0,0,NA,NA,NA,NA,NA,NA,NA
"32","49","Unnamed 4",7,8,2022,44.107,-106.71,"1009",100,0.359042419,0.10831632,63.6989,0.864629361551338,"Dry",0,"Dry",0,0,0,0,0,0,0,0,0,0,0,NA,NA,NA,NA,NA,NA,NA
"33","67","Wild Horse Creek",8,8,2022,44.516,-105.939,"1009",100,0.75720605,20.99816513,50,0.718123881448425,"Dry",0,"Dry",0,0,0,0,0,0,0,0,0,0,0,NA,NA,NA,NA,NA,NA,NA
"34","N1","Buffalo Creek",7,29,2022,43.53001,-106.87265,"1009",100,0.754072735,40.10441589,68,0.842605219885106,"Wet",1,"Wet",0.251,1.02,3.01,0.75551,0.049176,0.149333333,11.997132,65.7887944,22.2140735,244.075,244.075,17.9,NA,535,101.9,9.65,95,NA
"35","N2","Crow Creek (MT)",8,9,2022,45.490586,-104.975586,"1009",100,0.551769696,9.13709831,28.1198,0.700067491980415,"Dry",0,"WetDry",NA,NA,NA,NA,NA,NA,NA,NA,NA,NA,NA,20.5,NA,4934,66,5.78,9,NA
"36","N3","Lytle Creek",7,14,2022,44.575313,-104.658139,"1012",100,0.647587879,3.46228266,70,0.781594164538499,"Wet",1,"Wet",NA,NA,NA,NA,NA,NA,NA,NA,NA,NA,NA,22.6,NA,1143,98.9,NA,NA,NA
"37","N4","Muddy Creek",6,30,2022,44.153926,-106.725412,"1009",100,0.719242428,3.15366101,64.9167,0.710351457290624,"Wet",1,"Wet",NA,NA,NA,NA,NA,NA,NA,NA,NA,NA,NA,13,NA,1399,78.4,NA,95,NA
"38","N5","Pumpkin Creek",8,3,2022,46.228184,-105.688572,"1009",100,0.663218198,47.20783615,19.3547,0.609008844075533,"Wet",1,"Wet",NA,NA,NA,NA,NA,NA,NA,NA,NA,NA,NA,23.8,NA,2387,93.2,7.82,19,NA
"39","N6","Bear Creek",7,20,2022,47.30075504,-108.8405669,"1004",100,0.71852121,1.33398855,54,0.851770583273214,"Dry",0,"WetDry",NA,NA,NA,NA,NA,NA,100,0,0,22.898,22.898,22.6,NA,7271,93.2,7.8,38,NA
"40","N7","Sand Creek",8,26,2022,41.149564,-105.766135,"1018",100,0.59212728,20.97644234,55.0306,0.844038077135368,"Wet",1,"Wet",NA,NA,NA,NA,NA,NA,22.7297923,0,77.2702077,414.94,414.94,NA,NA,NA,NA,NA,NA,NA
"41","N8","Pondera Coulee",7,18,2022,48.269271,-111.141801,"1003",100,0.76070909,19.86334419,48.0987,0.534990203386761,"Wet",1,"Wet",NA,NA,NA,NA,NA,NA,NA,NA,NA,NA,NA,26.1,NA,2749,NA,NA,82.5,NA
"42","CR1","Crow Creek",7,7,2023,41.06761,-104.3876,"1019",140,0.50494546,8.10610199,60.0154,0.377923034831417,"Wet",1,"Wet",0.4125,1.15,4.1125,1.69640625,0.0462923,0.164666667,NA,NA,NA,NA,NA,14.9,547,678,71.2,7.19,95,"Gravel, cobble, some larger rocks"
"43","CR2","Crow Creek",8,24,2023,41.09569,-104.43332,"1019",260,0.290800001,7.75050879,60.057,0.483876033139206,"Wet",1,"Wet",0.19471429,0.57,5.5114286,1.07315388,0.0182213,0.046,0,18.0864387,81.9135613,1393.381,535.916,19.8,608,675,58.6,5.34,95,"Gravel, cobble, sand"
"44","CR3","Crow Creek",8,28,2023,41.09919,-104.44306,"1019",260,0.274721214,7.75050879,60.057,0.483876033139206,"Wet",1,"Wet",0.22414286,1,7.1057143,1.86677265,0.2748463,0.196666667,0,44.0650516,55.9349484,1739.973,669.22,17,326.2,384.5,79.1,7.63,31,"Gravel, cobble"
"45","CR4","Crow Creek",7,27,2023,41.10257,-104.45925,"1019",260,0.493987874,7.75050879,60.057,0.483876033139206,"Wet",1,"Wet",0.21676923,0.62,5.3453846,1.15871491,0.083844,0.048666667,4.3373302,19.7362137,75.9264561,1641.632,631.397,18.8,582,661,129.7,12.06,95,"Silt, gravel, cobble"
"46","CR5","Crow Creek",7,26,2023,41.10612,-104.50518,"1019",260,0.550636363,7.75050879,60.057,0.483876033139206,"Wet",1,"Wet",0.267,1,5.7207143,1.52743071,0.123832,0.053333333,23.491103,4.037036,72.471861,1888.217,726.237,19,558,630,7.7,83.2,95,"Silt, gravel"
"47","CR6","Crow Creek",9,1,2023,41.12808,-104.67712,"1019",260,0.563315148,7.49933624,58.2202,0.734877828400666,"Wet",1,"Wet",0.32528571,0.8,5.0292857,1.6359548,0.5774269,0.316666667,0.5846671,56.9306698,42.484663,1364.024,524.625,17,544,642,70.9,6.84,24.5,"Gravel, sand, cobble"
"48","CR7","Crow Creek",8,29,2023,41.11905,-104.71432,"1019",260,0.506284841,7.29197121,58,0.696634078296191,"Wet",1,"Wet",0.15785714,0.6,2.4892857,0.39295153,0.0142968,0.029333333,55.5772346,8.6047055,35.8180598,585.819,225.315,16.8,718,850,65.2,6.3,20,"Gravel, silt, cobble"
"49","CR8","Crow Creek",7,5,2023,41.14814,-104.85906,"1019",260,0.798187879,6.72617388,58,0.503037950408055,"Wet",1,"Wet",0.47928571,0.9,4.6935714,2.24956173,0.040392,0.022,NA,NA,NA,NA,NA,13.5,300.8,380.4,39.3,4.1,48,"Gravel"
"50","CR8-1","Crow Creek",8,30,2023,41.14251,-104.85119,"1019",260,0.789545458,6.72617388,58,0.503037950408055,"Wet",1,"Wet",0.23071429,0.85,3.7721429,0.87028724,0.0111666,0.012,NA,NA,NA,NA,NA,13.9,466.8,593,35.8,3.69,32.5,"Gravel, silt"
"51","CR9","Crow Creek",7,6,2023,41.1569,-104.8749,"1019",260,0.792533322,6.49862337,58,0.769548054812167,"Wet",1,"Wet",0.27742857,0.67,3.3907143,0.94068102,0.015587,0.038666667,NA,NA,NA,NA,NA,14.4,334.8,419.1,60.4,6.16,78.5,"Gravel, silt"
"52","HW1","Hanging Woman Creek",8,2,2023,45.31999,-106.5171,"1009",260,0.734006065,37.69274139,55.2837,0.844323280138591,"Wet",1,"Wet",NA,NA,5.3071429,NA,0.0230879,0.072666667,59.2186593,10.4273715,30.3539693,1365.627,525.241,22.4,2897,3046,60,5.16,95,"Silt, cobble, gravel"
"53","HW2","Hanging Woman Creek",8,2,2023,45.29754,-106.50551,"1009",260,0.722666668,37.41112518,51.8868,0.822153785036194,"Wet",1,"Wet",0.27985714,0.7,4.4585714,1.24776306,0.03015277,0.150666667,52.8107251,7.6382337,39.5510412,1294.239,497.784,23.7,3009,3087,103.4,8.69,95,"Silt, gravel"
"54","HW3","Hanging Woman Creek",9,17,2023,45.25106,-106.48938,"1009",260,0.720751526,30.11097145,55.9271,0.813587512712323,"Wet",1,"Wet",0.22757143,1.14,2.4571429,0.55917551,0.02581,0.047333333,33.223565,11.1760818,55.6003532,783.772,301.451,14.1,2532,3198,57.3,5.83,95,"Silt, gravel, cobble"
"55","HW5","Hanging Woman Creek",9,16,2023,45.15095,-106.47965,"1009",200,0.681909086,26.30033302,58,0.835744801257329,"Wet",1,"Wet",0.29,0.51,5.3981818,1.56547273,0.0070215,0.008666667,0,0.6984562,99.3015438,1272.807,636.404,17.3,2790,3271,95.7,9.12,87,"Silt, gravel, cobble"
"56","HW6","Hanging Woman Creek",9,16,2023,45.14617,-106.4858,"1009",260,0.681581825,26.30033302,58,0.835744801257329,"Wet",1,"Wet",0.18685714,0.38,4.2521429,0.79454327,0.004257,0.020666667,6.5479432,2.8122549,90.6398019,1167.924,449.202,13,2497,3241,41.8,4.37,95,"Silt, gravel"
"57","HW7","Hanging Woman Creek",8,3,2023,44.99619,-106.41958,"1009",260,0.577321217,3.74658537,54.8061,0.830066204800494,"Wet",1,"Wet",0.129,0.32,4.8535714,0.62611071,NA,NA,0,0,100,1347.564,518.294,23.9,8337,8515,18.9,1.54,57,"Silt"
"58","HW8","Hanging Woman Creek",8,3,2023,44.95777,-106.3845,"1009",260,0.505199998,2.25754547,55.7904,0.840811869399634,"Dry",0,"WetDry",0.11430769,0.5,1.0015385,0.11448355,NA,NA,100,0,0,246.134,94.667,19.3,3668,4120,5.3,0.49,29,"Silt"
"59","HW9","Hanging Woman Creek",NA,NA,2023,44.89429,-106.33282,"1009",260,0.381787875,1.03410113,55.9487,0.854838929762606,"Dry",0,"Dry",0,0,0,0,0,0,0,0,0,0,0,NA,NA,NA,NA,NA,NA,NA
"60","LP1","Lodgepole Creek",NA,NA,2023,41.19284,-104.07657,"1019",260,0.725151517,31.62687302,68.2066,0.22915528090248,"Dry",0,"Dry",0,0,0,0,0,0,0,0,0,0,0,NA,NA,NA,NA,NA,NA,NA
"61","LP1-2","Lodgepole Creek",NA,NA,2023,41.15685,-104.20232,"1019",260,0.712145459,16.64577293,67.76,0.281931153006729,"Dry",0,"Dry",0,0,0,0,0,0,0,0,0,0,0,NA,NA,NA,NA,NA,NA,NA
"62","LP2","Lodgepole Creek",8,15,2023,41.23016,-104.39445,"1019",260,0.763145454,13.58662128,64.8482,0.464267808179694,"Wet",1,"Wet",0.12371429,0.29,1.2835714,0.15879612,0.00305711,0.014666667,40.0211922,34.0536549,25.9251529,249.148,95.826,13.7,152.8,194.8,76.3,7.91,95,"Silt, gravel, cobble"
"63","LP3","Lodgepole Creek",8,14,2023,41.2342,-104.43405,"1019",260,0.763915149,13.58662128,64.8482,0.464267808179694,"Wet",1,"Wet",0.05657143,0.22,1.2635714,0.07148204,0.001086,0.017333333,52.6423268,8.564868,38.7928052,326.625,125.625,13.8,39.2,50.1,78.5,8.13,65,"Silt, gravel"
"64","LP4","Lodgepole Creek",6,19,2023,41.24006,-104.45514,"1019",260,0.758684848,13.58662128,64.8482,0.464267808179694,"Dry",0,"WetDry",0.08181818,0.48,1.8590909,0.15210744,NA,NA,60.0777323,0,39.9222677,316.728,121.818,15.6,415.4,506,64.1,6.35,95,"Mud, silt, emergent vegetation"
"65","LP5","Lodgepole Creek",6,22,2023,41.24014,-104.46549,"1019",260,0.764527258,13.58662128,64.8482,0.464267808179694,"Wet",1,"Wet",0.15142857,0.34,1.5857143,0.2401224,0.006576,0.049333333,53.3965826,0.6968201,45.9065973,451.336,173.591,16.7,264.2,313.7,61.7,5.99,95,"Silt, gravel"
"66","LP6","Lodgepole Creek",6,29,2023,41.23969,-104.4767,"1019",260,0.76750909,13.58662128,64.8482,0.464267808179694,"Wet",1,"Wet",0.13357143,0.32,1.2257143,0.49308735,0.0022557,0.018666667,27.2253623,9.3876221,63.3870156,309.972,119.22,19,373,420.9,92.2,8.54,95,"Silt, gravel, some larger rocks"
"67","LP7","Lodgepole Creek",6,28,2023,41.24047,-104.48567,"1019",260,0.763412111,13.58662128,64.8482,0.464267808179694,"Wet",1,"Wet",0.194,0.54,1.7835714,0.34601286,0.0028014,0.017333333,55.342937,0,44.657063,843.085,324.263,16,331.6,400.1,44.1,4.35,95,"Silt, some gravel"
"68","LP8","Lodgepole Creek",8,17,2023,41.24015,-104.48809,"1019",260,0.766078794,13.58662128,64.8482,0.464267808179694,"Dry",0,"WetDry",0.169,0.5,1.965,0.332085,NA,NA,39.4843174,0,60.5156826,287.58,110.608,16,209.1,252.3,44,4.35,95,"Silt, lots of vegetation"
"69","MGL2","Muddy Creek (Glendo)",7,10,2023,42.59949,-104.93953,"1018",100,0.697042416,1.04987621,52,0.386363354337666,"Wet",1,"Wet",NA,NA,3.232,NA,NA,NA,0,0,100,504.195,504.195,19.2,320.4,360.4,1.1,0.11,80.5,"Silt"
"70","MGL3","Muddy Creek (Glendo)",8,21,2023,42.62274,-104.92633,"1018",260,0.67423031,0.96549076,51.1603,0.785813766158002,"Wet",1,"Wet",0.14385714,0.26,0.6114286,0.08795837,0.00531433,0.033333333,0,1.0050005,98.9949995,142.786,54.918,20.3,256.3,281.4,69.2,6.25,57,"Silt, cobble"
"71","MGL5","Muddy Creek (Glendo)",8,22,2023,42.65612,-104.83703,"1018",260,0.655690899,0.8229143,52,0.863331198629278,"Wet",1,"Wet",NA,NA,2.4314286,NA,NA,NA,75.0046319,0,24.9953681,642.291,247.035,18,274.8,316.8,142.4,13.47,95,"Silt"
"72","MGL6","Muddy Creek (Glendo)",8,23,2023,42.65367,-104.82366,"1018",260,0.646478796,0.8229143,52,0.863331198629278,"Dry",0,"WetDry",0.0656,0.3,0.936,0.0614016,NA,NA,74.6090292,0,25.3909708,61.002,23.462,17.8,210.1,243.5,47.7,4.53,95,"Silt"
"73","MGL7","Muddy Creek (Glendo)",NA,NA,2023,42.72726,-104.72559,"1018",260,0.42,0.13981472,52.6514,0.804371657703671,"Dry",0,"Dry",0,0,0,0,0,0,0,0,0,0,0,NA,NA,NA,NA,NA,NA,NA
"74","MLP0","Muddy Creek (LP)",NA,NA,2023,41.15595,-104.09061,"1019",260,0.63996364,14.38995934,67.9105,0.303194032937769,"Dry",0,"Dry",0,0,0,0,0,0,0,0,0,0,0,NA,NA,NA,NA,NA,NA,NA
"75","MLP1","Muddy Creek (LP)",NA,NA,2023,41.11699,-104.11191,"1019",260,0.644963633,14.38995934,67.9105,0.303194032937769,"Dry",0,"Dry",0,0,0,0,0,0,0,0,0,0,0,NA,NA,NA,NA,NA,NA,NA
"76","MLP1-2","Muddy Creek (LP)",6,21,2023,41.09706,-104.13492,"1019",260,0.661581811,4.25043058,67.4127,0.346428411558055,"Wet",1,"Wet",0.19814286,0.55,3.0621429,0.60674173,0.07364,0.054,1.1078305,1.8719826,97.0201869,2498.848,961.095,19.1,438.3,494.3,70.8,6.55,95,"Silt, some gravel"
"77","MLP2","Muddy Creek (LP)",6,20,2023,41.10106,-104.15552,"1019",260,0.681351508,4.25043058,67.4127,0.346428411558055,"Wet",1,"Wet",0.23914286,0.46,1.7421429,0.41662102,0.050749,0.068666667,0,0,100,2159.506,830.579,18.3,403.6,462.7,78.2,7.35,95,"Silt, some submerged vegetation"
"78","MLP3","Muddy Creek (LP)",8,8,2023,41.12196,-104.21717,"1019",260,0.673454539,3.9744339,65.0334,0.316953867904315,"Wet",1,"Wet",0.23457143,0.56,1.9407143,0.45523612,0.05269338,0.158666667,9.4656179,45.0665313,45.4678508,492.625,189.471,14.6,258.5,322,91.4,9.28,95,"Gravel, silt"
"79","MLP4","Muddy Creek (LP)",8,16,2023,41.13206,-104.25468,"1019",260,0.665496972,3.9744339,65.0334,0.316953867904315,"Wet",1,"Wet",0.19971429,0.48,1.17,0.23366571,0.02827287,0.121333333,0.4843312,9.408121,90.1075479,205.025,78.856,15.4,218.3,267.4,74.9,7.48,57,"Silt, gravel"
"80","MLP5","Muddy Creek (LP)",8,7,2023,41.13569,-104.2756,"1019",260,0.667012128,1.46871972,65.6024,0.359796767600643,"Wet",1,"Wet",0.36257143,0.64,1.2971429,0.4703069,0.0582043,0.106,33.2873314,0,66.7126686,390.563,150.217,14.8,228.4,283.2,74.9,7.58,29,"Silt"
"81","MLP6","Muddy Creek (LP)",6,26,2023,41.14143,-104.32197,"1019",260,0.639339389,0.55402839,65.9133,0.410960915708442,"Wet",1,"Wet",0.17157143,0.45,2.1664286,0.37169724,0.02991,0.095333333,3.1548041,0,96.8451959,728.508,280.195,18,261.9,301.8,91,8.6,95,"Silt, gravel"
"82","MLP7","Muddy Creek (LP)",6,27,2023,41.1437,-104.3402,"1019",260,0.581872731,0.55402839,65.9133,0.410960915708442,"Wet",1,"Wet",0.16557143,0.34,1.9671429,0.32570265,0.00225,0.029333333,40.826301,0,59.173699,866.706,333.348,19.1,153.8,173.6,40.1,3.71,74.5,"Silt, vegetation"
"83","MLP8","Muddy Creek (LP)",NA,NA,2023,41.15125873,-104.4017659,"1019",260,0.221830306,0.08300376,65.5249,0.820336914844968,"Dry",0,"Dry",0,0,0,0,0,0,0,0,0,0,0,NA,NA,NA,NA,NA,NA,NA
"84","PD1","Prairie Dog Creek",9,15,2023,44.98466,-106.83976,"1009",260,0.451072732,31.71461868,60.6239,0.421133112730128,"Wet",1,"Wet",NA,NA,4.3214286,NA,1.8614,0.541333333,3.1292027,37.0659587,59.8048386,1006.039,386.938,16.3,500,600,87.5,8.57,16,"Silt, gravel"
"85","PD2","Prairie Dog Creek",9,15,2023,44.96665,-106.83718,"1009",260,0.842151508,31.71461868,60.6239,0.421133112730128,"Wet",1,"Wet",NA,NA,6.1614286,NA,1.6919285,0.610666667,0,18.9682795,81.0317205,1751.424,673.625,15,470.2,584,79.4,8,16,"Gravel, cobble"
"86","PD3","Prairie Dog Creek",9,15,2023,44.94249,-106.8562,"1009",260,0.845193933,28.77975845,63.0327,0.550836292407476,"Wet",1,"Wet",NA,NA,5.3842857,NA,1.8762068,0.368,0,0,100,1229.766,472.987,14.5,421.2,527,81.3,8.28,15,"Sand, silt"
"87","PD4","Prairie Dog Creek",8,1,2023,44.70591,-106.85977,"1009",260,0.721599994,5.31946659,63,0.501307034984077,"Wet",1,"Wet",NA,NA,5.55,NA,2.2006156,0.570666667,1.7775265,15.8454446,82.3770288,1531.904,589.194,17.1,198.2,233.3,80.3,7.74,12,"Sand, silt, gravel"
"88","PD5","Prairie Dog Creek",7,31,2023,44.70353,-106.8548,"1009",260,0.708521204,4.22664452,63,0.467396389198626,"Wet",1,"Wet",NA,NA,4.5176923,NA,1.5747796,0.459333333,6.988626,18.3594565,74.6519175,1227.008,471.926,18.6,209,238.1,85.7,8.01,19,"Gravel, silt, cobble"
"89","PD6","Prairie Dog Creek",9,18,2023,44.66084,-106.83753,"1009",260,0.70095758,3.50980473,62.5685,0.491741027599875,"Wet",1,"Wet",NA,NA,4.0714286,NA,1.3388982,0.63,0,36.7232492,63.2767508,999.661,384.485,11.3,126.6,170.6,84.6,9.26,48,"Silt, cobble"
"90","PD7","Prairie Dog Creek",8,1,2023,44.6231,-106.84367,"1009",260,0.618466665,1.36110616,61.0884,0.499651268863195,"Wet",1,"Wet",NA,NA,4.9642857,NA,2.1003146,0.600666667,NA,NA,NA,NA,NA,16.7,76.4,90.8,86.9,8.46,16,"Silt, sand, gravel, cobble"
"91","RC1","Richeau Creek",7,24,2023,41.87839,-104.839,"1018",260,0.584042419,11.60043812,63.9078,0.441213226517365,"Wet",1,"Wet",0.14428571,0.38,1.7964286,0.25919898,0.01891589,0.103333333,28.8364849,47.5290869,23.6344282,509.164,195.832,20.1,519,573,107.6,9.74,95,"Silt, gravel, cobble"
"92","RC2","Richeau Creek",7,25,2023,41.86601,-104.84965,"1018",260,0.592430303,10.97392845,63.9779,0.743588784832822,"Dry",0,"WetDry",0.1466,0.6,3.81,0.558546,0.0048384,0.020666667,86.751995,4.5632485,8.6847565,783.718,301.43,18.1,357.8,412.6,57.9,5.48,95,"Silt, cobble, gravel"
"93","RC3","Richeau Creek",7,25,2023,41.86373,-104.85284,"1018",260,0.514442422,10.97392845,63.9779,0.743588784832822,"Dry",0,"WetDry",0.20314286,0.61,6.2842857,1.27660776,0.0018873,0.012666667,95.9537353,2.6793008,1.366964,1947.747,749.133,24.3,541,549,94.8,7.94,83.5,"Silt, cobble, gravel"
"94","RC4","Richeau Creek",9,8,2023,41.8276,-104.91803,"1018",260,0.561290915,8.71718502,62.5556,0.856374164409952,"Wet",1,"Wet",0.17271429,1.06,4.215,0.72799071,0.0130863,0.037333333,28.1885918,47.6341371,24.1772711,1057.183,406.609,14.4,396.3,496.6,73,7.44,95,"Silt, gravel, cobbles"
"95","E1","Pumpkin Creek",8,3,2023,46.25003,-105.75252,"1009",220,0.700957567,47.82262802,22.294,0.559775935323458,"Wet",1,"Wet",0.25983333,0.88,10.6,2.75423333,NA,NA,NA,NA,NA,NA,NA,23,NA,NA,NA,NA,27.5,"Silt, boulders"
"96","E2","Pumpkin Creek",7,31,2023,46.21931,-105.66625,"1009",270,0.695042431,47.06578827,21.1005,0.543728174060432,"Wet",1,"Wet",0.35414286,1.27,NA,NA,NA,NA,NA,NA,NA,NA,NA,24,NA,NA,NA,NA,16,"Silt/ mud, gravel"
"97","E2.5","Pumpkin Creek",8,2,2023,46.20432,-105.64584,"1009",270,0.66704242,43.48041916,22.346,0.465660787476268,"Dry",0,"WetDry",NA,NA,NA,NA,NA,NA,100,0,0,211.544,78.35,27,NA,NA,NA,NA,26,"Silt/ mud"
"98","E3","Pumpkin Creek",8,2,2023,46.05303,-105.57008,"1009",210,0.701490906,33.69603729,26,0.784010097765609,"Wet",1,"Wet",NA,0.28,NA,NA,NA,NA,0,0,100,354.235,168.683,25,NA,NA,NA,NA,64,"Silt/mud, macrophytes"
"99","E4","Pumpkin Creek",8,2,2023,45.93171,-105.64672,"1009",260,0.695406068,29.05254364,27.2113,0.805906034948574,"Dry",0,"WetDry",NA,0.19,NA,NA,NA,NA,NA,NA,NA,NA,NA,25,NA,NA,NA,NA,5,"Silt/mud"
"100","E5","Pumpkin Creek",8,2,2023,45.71198,-105.73603,"1009",260,0.660575762,10.80870438,32.9143,0.7734400549228,"Wet",1,"Wet",0.28485714,0.63,NA,NA,NA,NA,0,0,100,2215.524,852.125,20,NA,NA,NA,NA,95,"Silt/mud, macrophytes"
