site_id,jackalope_id,season,brush_thinning,elevation_m,forage_biomass_g_m2,body_condition_index,offspring_count,sex,age_class
S01,J001,early,control,2295.5,56.6,4.08,8,male,yearling
S01,J001,mid,control,2295.5,44.9,3.72,3,male,yearling
S01,J001,late,control,2295.5,43.2,3.19,2,male,yearling
S01,J002,early,control,2295.5,48.5,4.09,5,male,yearling
S01,J002,mid,control,2295.5,47.0,3.77,1,male,yearling
S01,J002,late,control,2295.5,45.2,4.23,14,male,yearling
S01,J003,early,control,2295.5,48.4,4.46,6,male,adult
S01,J003,mid,control,2295.5,48.8,4.82,2,male,adult
S01,J003,late,control,2295.5,49.7,4.17,20,male,adult
S01,J004,early,control,2295.5,57.0,5.08,52,male,adult
S01,J004,mid,control,2295.5,51.0,4.69,14,male,adult
S01,J004,late,control,2295.5,47.2,4.63,6,male,adult
S01,J005,early,control,2295.5,56.8,3.5,3,female,yearling
S01,J005,mid,control,2295.5,52.6,3.79,11,female,yearling
S01,J005,late,control,2295.5,44.1,3.91,3,female,yearling
S01,J006,early,control,2295.5,49.7,4.25,12,male,adult
S01,J006,mid,control,2295.5,46.0,4.0,24,male,adult
S01,J006,late,control,2295.5,49.3,3.98,12,male,adult
S01,J007,early,control,2295.5,53.2,4.56,24,female,adult
S01,J007,mid,control,2295.5,57.2,4.76,10,female,adult
S01,J007,late,control,2295.5,37.6,4.38,9,female,adult
S01,J008,early,control,2295.5,48.7,4.66,6,female,adult
S01,J008,mid,control,2295.5,47.8,4.46,3,female,adult
S01,J008,late,control,2295.5,47.8,4.5,4,female,adult
S01,J009,early,control,2295.5,49.7,5.15,8,female,adult
S01,J009,mid,control,2295.5,51.7,4.58,7,female,adult
S01,J009,late,control,2295.5,45.7,4.42,1,female,adult
S02,J010,early,control,2208.8,55.0,4.04,1,male,adult
S02,J010,mid,control,2208.8,48.6,4.65,3,male,adult
S02,J010,late,control,2208.8,41.1,3.75,1,male,adult
S02,J011,early,control,2208.8,48.3,4.56,2,male,adult
S02,J011,mid,control,2208.8,41.6,4.13,8,male,adult
S02,J011,late,control,2208.8,43.6,4.03,2,male,adult
S02,J012,early,control,2208.8,54.3,4.09,3,male,yearling
S02,J012,mid,control,2208.8,50.9,4.14,6,male,yearling
S02,J012,late,control,2208.8,42.4,4.12,9,male,yearling
S02,J013,early,control,2208.8,47.2,4.47,1,male,adult
S02,J013,mid,control,2208.8,45.7,4.7,5,male,adult
S02,J013,late,control,2208.8,44.4,4.49,8,male,adult
S02,J014,early,control,2208.8,51.4,4.28,5,female,yearling
S02,J014,mid,control,2208.8,47.0,3.91,6,female,yearling
S02,J014,late,control,2208.8,46.7,3.91,3,female,yearling
S02,J015,early,control,2208.8,47.2,4.05,18,male,adult
S02,J015,mid,control,2208.8,44.5,4.32,13,male,adult
S02,J015,late,control,2208.8,38.0,4.17,5,male,adult
S02,J016,early,control,2208.8,48.2,4.55,1,male,adult
S02,J016,mid,control,2208.8,49.0,4.55,16,male,adult
S02,J016,late,control,2208.8,43.2,3.99,12,male,adult
S02,J017,early,control,2208.8,46.6,3.78,1,male,adult
S02,J017,mid,control,2208.8,48.6,4.16,0,male,adult
S02,J017,late,control,2208.8,47.2,4.22,2,male,adult
S02,J018,early,control,2208.8,51.1,4.36,8,male,adult
S02,J018,mid,control,2208.8,44.6,4.11,4,male,adult
S02,J018,late,control,2208.8,44.5,4.2,2,male,adult
S03,J019,early,brush_thinning,2146.9,56.8,5.15,32,male,adult
S03,J019,mid,brush_thinning,2146.9,55.3,5.08,4,male,adult
S03,J019,late,brush_thinning,2146.9,54.1,4.46,18,male,adult
S03,J020,early,brush_thinning,2146.9,58.9,4.9,3,female,adult
S03,J020,mid,brush_thinning,2146.9,51.9,4.51,19,female,adult
S03,J020,late,brush_thinning,2146.9,51.5,4.58,20,female,adult
S03,J021,early,brush_thinning,2146.9,57.5,4.86,5,male,yearling
S03,J021,mid,brush_thinning,2146.9,49.7,4.74,2,male,yearling
S03,J021,late,brush_thinning,2146.9,53.5,5.12,11,male,yearling
S03,J022,early,brush_thinning,2146.9,58.2,4.58,11,male,adult
S03,J022,mid,brush_thinning,2146.9,54.8,4.76,6,male,adult
S03,J022,late,brush_thinning,2146.9,47.5,3.85,0,male,adult
S03,J023,early,brush_thinning,2146.9,61.4,5.07,29,male,adult
S03,J023,mid,brush_thinning,2146.9,54.4,4.81,6,male,adult
S03,J023,late,brush_thinning,2146.9,55.2,4.66,19,male,adult
S03,J024,early,brush_thinning,2146.9,57.5,5.56,17,female,adult
S03,J024,mid,brush_thinning,2146.9,54.4,5.55,37,female,adult
S03,J024,late,brush_thinning,2146.9,47.6,4.49,5,female,adult
S03,J025,early,brush_thinning,2146.9,61.1,4.7,9,female,yearling
S03,J025,mid,brush_thinning,2146.9,47.8,4.92,12,female,yearling
S03,J025,late,brush_thinning,2146.9,46.3,4.66,22,female,yearling
S03,J026,early,brush_thinning,2146.9,59.4,4.92,21,female,adult
S03,J026,mid,brush_thinning,2146.9,56.9,5.06,4,female,adult
S03,J026,late,brush_thinning,2146.9,53.3,4.92,3,female,adult
S03,J027,early,brush_thinning,2146.9,58.4,4.56,5,male,adult
S03,J027,mid,brush_thinning,2146.9,61.0,4.82,11,male,adult
S03,J027,late,brush_thinning,2146.9,52.4,4.52,18,male,adult
S03,J028,early,brush_thinning,2146.9,58.7,4.88,12,female,adult
S03,J028,mid,brush_thinning,2146.9,56.4,4.6,5,female,adult
S03,J028,late,brush_thinning,2146.9,55.6,4.57,5,female,adult
S04,J029,early,control,1958.7,50.5,3.56,8,male,adult
S04,J029,mid,control,1958.7,51.3,3.79,6,male,adult
S04,J029,late,control,1958.7,40.9,4.23,5,male,adult
S04,J030,early,control,1958.7,50.5,4.55,1,female,adult
S04,J030,mid,control,1958.7,46.2,3.69,3,female,adult
S04,J030,late,control,1958.7,44.2,3.62,6,female,adult
S04,J031,early,control,1958.7,51.8,,10,female,adult
S04,J031,mid,control,1958.7,41.1,3.35,3,female,adult
S04,J031,late,control,1958.7,45.5,4.24,8,female,adult
S04,J032,early,control,1958.7,46.8,3.8,3,male,yearling
S04,J032,mid,control,1958.7,47.7,3.91,14,male,yearling
S04,J032,late,control,1958.7,42.7,4.28,12,male,yearling
S04,J033,early,control,1958.7,42.3,3.95,8,male,yearling
S04,J033,mid,control,1958.7,46.2,4.35,1,male,yearling
S04,J033,late,control,1958.7,46.2,3.76,0,male,yearling
S04,J034,early,control,1958.7,43.8,,5,female,adult
S04,J034,mid,control,1958.7,47.6,4.59,11,female,adult
S04,J034,late,control,1958.7,50.7,3.92,23,female,adult
S04,J035,early,control,1958.7,50.5,4.35,13,male,adult
S04,J035,mid,control,1958.7,46.3,4.32,0,male,adult
S04,J035,late,control,1958.7,41.5,4.2,2,male,adult
S04,J036,early,control,1958.7,42.1,3.79,3,female,adult
S04,J036,mid,control,1958.7,47.8,4.09,6,female,adult
S04,J036,late,control,1958.7,48.4,,3,female,adult
S04,J037,early,control,1958.7,51.9,4.21,10,male,adult
S04,J037,mid,control,1958.7,44.4,3.52,1,male,adult
S04,J037,late,control,1958.7,43.3,4.21,5,male,adult
S05,J038,early,brush_thinning,2380.8,54.3,3.67,4,female,adult
S05,J038,mid,brush_thinning,2380.8,46.2,3.41,1,female,adult
S05,J038,late,brush_thinning,2380.8,40.1,3.53,2,female,adult
S05,J039,early,brush_thinning,2380.8,52.8,4.01,0,male,adult
S05,J039,mid,brush_thinning,2380.8,48.1,4.12,0,male,adult
S05,J039,late,brush_thinning,2380.8,40.0,4.01,7,male,adult
S05,J040,early,brush_thinning,2380.8,48.3,4.39,5,male,adult
S05,J040,mid,brush_thinning,2380.8,46.5,4.55,5,male,adult
S05,J040,late,brush_thinning,2380.8,39.0,3.75,5,male,adult
S05,J041,early,brush_thinning,2380.8,50.9,4.01,15,female,adult
S05,J041,mid,brush_thinning,2380.8,45.9,3.94,6,female,adult
S05,J041,late,brush_thinning,2380.8,44.4,4.34,3,female,adult
S05,J042,early,brush_thinning,2380.8,48.0,,12,female,adult
S05,J042,mid,brush_thinning,2380.8,46.3,5.03,16,female,adult
S05,J042,late,brush_thinning,2380.8,40.4,4.84,13,female,adult
S05,J043,early,brush_thinning,2380.8,49.7,3.63,5,male,yearling
S05,J043,mid,brush_thinning,2380.8,55.4,4.58,2,male,yearling
S05,J043,late,brush_thinning,2380.8,41.3,3.41,1,male,yearling
S05,J044,early,brush_thinning,2380.8,50.6,5.45,6,female,adult
S05,J044,mid,brush_thinning,2380.8,48.4,5.08,3,female,adult
S05,J044,late,brush_thinning,2380.8,39.5,4.46,5,female,adult
S05,J045,early,brush_thinning,2380.8,47.1,4.94,17,male,adult
S05,J045,mid,brush_thinning,2380.8,48.4,4.22,16,male,adult
S05,J045,late,brush_thinning,2380.8,46.2,4.62,0,male,adult
S06,J046,early,control,2045.4,38.0,4.3,1,male,adult
S06,J046,mid,control,2045.4,34.9,4.05,2,male,adult
S06,J046,late,control,2045.4,39.2,3.83,5,male,adult
S06,J047,early,control,2045.4,48.8,4.6,7,female,adult
S06,J047,mid,control,2045.4,44.6,4.27,3,female,adult
S06,J047,late,control,2045.4,32.9,4.02,3,female,adult
S06,J048,early,control,2045.4,43.4,4.11,8,male,adult
S06,J048,mid,control,2045.4,41.8,4.11,8,male,adult
S06,J048,late,control,2045.4,40.0,4.58,12,male,adult
S06,J049,early,control,2045.4,41.2,3.89,1,female,adult
S06,J049,mid,control,2045.4,42.7,3.74,2,female,adult
S06,J049,late,control,2045.4,38.5,4.33,4,female,adult
S06,J050,early,control,2045.4,45.3,3.43,3,male,adult
S06,J050,mid,control,2045.4,42.9,3.9,5,male,adult
S06,J050,late,control,2045.4,36.4,3.25,1,male,adult
S06,J051,early,control,2045.4,45.4,3.9,7,male,adult
S06,J051,mid,control,2045.4,37.9,3.74,0,male,adult
S06,J051,late,control,2045.4,28.9,3.54,0,male,adult
S06,J052,early,control,2045.4,41.4,3.78,4,male,adult
S06,J052,mid,control,2045.4,31.4,3.77,2,male,adult
S06,J052,late,control,2045.4,37.0,3.72,14,male,adult
S06,J053,early,control,2045.4,43.6,4.26,4,male,adult
S06,J053,mid,control,2045.4,42.0,3.63,5,male,adult
S06,J053,late,control,2045.4,37.9,3.84,5,male,adult
S06,J054,early,control,2045.4,41.8,3.86,6,female,yearling
S06,J054,mid,control,2045.4,43.7,4.23,7,female,yearling
S06,J054,late,control,2045.4,42.1,3.75,3,female,yearling
S06,J055,early,control,2045.4,44.8,3.97,1,female,yearling
S06,J055,mid,control,2045.4,37.1,3.81,1,female,yearling
S06,J055,late,control,2045.4,37.0,3.81,9,female,yearling
S06,J056,early,control,2045.4,46.9,4.42,1,male,yearling
S06,J056,mid,control,2045.4,39.4,3.87,2,male,yearling
S06,J056,late,control,2045.4,34.8,4.12,2,male,yearling
S06,J057,early,control,2045.4,40.1,3.8,5,female,adult
S06,J057,mid,control,2045.4,43.4,4.19,6,female,adult
S06,J057,late,control,2045.4,34.2,3.39,3,female,adult
S06,J058,early,control,2045.4,43.9,4.19,4,female,yearling
S06,J058,mid,control,2045.4,41.6,3.85,3,female,yearling
S06,J058,late,control,2045.4,33.4,3.51,2,female,yearling
S06,J059,early,control,2045.4,43.4,4.29,5,female,yearling
S06,J059,mid,control,2045.4,41.6,4.61,5,female,yearling
S06,J059,late,control,2045.4,32.1,3.64,2,female,yearling
S07,J060,early,brush_thinning,2099.9,55.9,5.31,36,male,adult
S07,J060,mid,brush_thinning,2099.9,47.8,4.88,47,male,adult
S07,J060,late,brush_thinning,2099.9,45.1,4.69,11,male,adult
S07,J061,early,brush_thinning,2099.9,52.9,4.53,4,female,adult
S07,J061,mid,brush_thinning,2099.9,52.0,5.19,14,female,adult
S07,J061,late,brush_thinning,2099.9,46.7,5.18,12,female,adult
S07,J062,early,brush_thinning,2099.9,49.3,4.36,4,female,adult
S07,J062,mid,brush_thinning,2099.9,47.1,3.99,25,female,adult
S07,J062,late,brush_thinning,2099.9,46.1,4.43,2,female,adult
S07,J063,early,brush_thinning,2099.9,50.7,4.95,17,male,adult
S07,J063,mid,brush_thinning,2099.9,51.5,5.18,14,male,adult
S07,J063,late,brush_thinning,2099.9,53.6,4.93,12,male,adult
S07,J064,early,brush_thinning,2099.9,48.1,4.49,20,female,adult
S07,J064,mid,brush_thinning,2099.9,49.8,4.4,6,female,adult
S07,J064,late,brush_thinning,2099.9,48.7,5.09,38,female,adult
S07,J065,early,brush_thinning,2099.9,52.6,4.07,8,female,adult
S07,J065,mid,brush_thinning,2099.9,48.9,4.61,9,female,adult
S07,J065,late,brush_thinning,2099.9,49.9,4.39,4,female,adult
S07,J066,early,brush_thinning,2099.9,56.7,4.78,1,male,adult
S07,J066,mid,brush_thinning,2099.9,51.9,4.57,19,male,adult
S07,J066,late,brush_thinning,2099.9,45.0,4.14,10,male,adult
S07,J067,early,brush_thinning,2099.9,54.9,3.7,3,female,adult
S07,J067,mid,brush_thinning,2099.9,49.2,3.81,6,female,adult
S07,J067,late,brush_thinning,2099.9,47.2,,15,female,adult
S07,J068,early,brush_thinning,2099.9,56.0,4.33,5,female,adult
S07,J068,mid,brush_thinning,2099.9,51.3,4.51,4,female,adult
S07,J068,late,brush_thinning,2099.9,49.1,4.01,4,female,adult
S07,J069,early,brush_thinning,2099.9,55.0,4.62,12,female,yearling
S07,J069,mid,brush_thinning,2099.9,50.6,4.25,9,female,yearling
S07,J069,late,brush_thinning,2099.9,48.5,4.42,0,female,yearling
S07,J070,early,brush_thinning,2099.9,50.0,4.87,23,male,adult
S07,J070,mid,brush_thinning,2099.9,57.5,5.92,27,male,adult
S07,J070,late,brush_thinning,2099.9,41.7,5.62,16,male,adult
S07,J071,early,brush_thinning,2099.9,53.3,4.04,7,male,yearling
S07,J071,mid,brush_thinning,2099.9,52.4,3.86,3,male,yearling
S07,J071,late,brush_thinning,2099.9,48.5,4.09,21,male,yearling
S07,J072,early,brush_thinning,2099.9,53.1,4.22,6,male,adult
S07,J072,mid,brush_thinning,2099.9,50.5,4.64,17,male,adult
S07,J072,late,brush_thinning,2099.9,53.3,5.34,21,male,adult
S08,J073,early,brush_thinning,2278.0,34.8,3.84,5,female,adult
S08,J073,mid,brush_thinning,2278.0,27.6,3.09,0,female,adult
S08,J073,late,brush_thinning,2278.0,24.8,3.8,3,female,adult
S08,J074,early,brush_thinning,2278.0,41.1,4.03,1,female,yearling
S08,J074,mid,brush_thinning,2278.0,25.6,3.92,4,female,yearling
S08,J074,late,brush_thinning,2278.0,25.1,3.66,6,female,yearling
S08,J075,early,brush_thinning,2278.0,34.3,4.54,2,female,yearling
S08,J075,mid,brush_thinning,2278.0,34.4,4.05,4,female,yearling
S08,J075,late,brush_thinning,2278.0,22.7,3.82,3,female,yearling
S08,J076,early,brush_thinning,2278.0,30.3,,2,female,yearling
S08,J076,mid,brush_thinning,2278.0,28.6,4.14,3,female,yearling
S08,J076,late,brush_thinning,2278.0,25.5,4.11,19,female,yearling
S08,J077,early,brush_thinning,2278.0,31.5,4.39,6,female,adult
S08,J077,mid,brush_thinning,2278.0,28.7,3.7,1,female,adult
S08,J077,late,brush_thinning,2278.0,26.0,3.95,2,female,adult
S08,J078,early,brush_thinning,2278.0,37.2,4.08,1,female,yearling
S08,J078,mid,brush_thinning,2278.0,31.4,3.69,1,female,yearling
S08,J078,late,brush_thinning,2278.0,27.7,3.35,7,female,yearling
S08,J079,early,brush_thinning,2278.0,29.0,3.75,5,female,adult
S08,J079,mid,brush_thinning,2278.0,29.3,3.74,2,female,adult
S08,J079,late,brush_thinning,2278.0,26.4,3.32,1,female,adult
S08,J080,early,brush_thinning,2278.0,34.3,4.56,2,male,adult
S08,J080,mid,brush_thinning,2278.0,31.0,4.34,10,male,adult
S08,J080,late,brush_thinning,2278.0,26.0,4.44,1,male,adult
S08,J081,early,brush_thinning,2278.0,33.1,3.96,8,female,adult
S08,J081,mid,brush_thinning,2278.0,29.1,4.06,1,female,adult
S08,J081,late,brush_thinning,2278.0,26.1,3.93,5,female,adult
S09,J082,early,control,2201.7,44.9,3.85,3,male,adult
S09,J082,mid,control,2201.7,36.6,4.02,3,male,adult
S09,J082,late,control,2201.7,43.7,4.32,9,male,adult
S09,J083,early,control,2201.7,45.4,5.01,3,female,adult
S09,J083,mid,control,2201.7,36.6,4.13,6,female,adult
S09,J083,late,control,2201.7,34.0,4.16,1,female,adult
S09,J084,early,control,2201.7,43.7,3.87,4,female,adult
S09,J084,mid,control,2201.7,38.9,3.75,4,female,adult
S09,J084,late,control,2201.7,37.9,3.52,10,female,adult
S09,J085,early,control,2201.7,45.1,4.58,11,female,adult
S09,J085,mid,control,2201.7,37.7,4.24,8,female,adult
S09,J085,late,control,2201.7,34.3,4.33,3,female,adult
S09,J086,early,control,2201.7,46.8,4.73,14,male,adult
S09,J086,mid,control,2201.7,39.4,4.72,10,male,adult
S09,J086,late,control,2201.7,39.3,4.77,10,male,adult
S09,J087,early,control,2201.7,41.6,4.1,0,male,adult
S09,J087,mid,control,2201.7,40.7,4.24,3,male,adult
S09,J087,late,control,2201.7,30.9,4.07,8,male,adult
S09,J088,early,control,2201.7,45.8,4.28,2,female,adult
S09,J088,mid,control,2201.7,40.5,4.2,0,female,adult
S09,J088,late,control,2201.7,42.6,4.79,16,female,adult
S09,J089,early,control,2201.7,48.5,4.83,12,male,adult
S09,J089,mid,control,2201.7,34.6,4.99,3,male,adult
S09,J089,late,control,2201.7,36.4,4.7,17,male,adult
S09,J090,early,control,2201.7,40.2,4.14,1,male,adult
S09,J090,mid,control,2201.7,40.8,3.99,8,male,adult
S09,J090,late,control,2201.7,38.7,3.56,2,male,adult
S09,J091,early,control,2201.7,46.0,4.17,6,male,adult
S09,J091,mid,control,2201.7,43.2,4.44,6,male,adult
S09,J091,late,control,2201.7,36.9,4.47,5,male,adult
S09,J092,early,control,2201.7,43.2,3.88,2,female,adult
S09,J092,mid,control,2201.7,45.4,3.96,8,female,adult
S09,J092,late,control,2201.7,44.4,3.72,3,female,adult
S09,J093,early,control,2201.7,45.3,4.08,11,female,adult
S09,J093,mid,control,2201.7,43.4,4.14,17,female,adult
S09,J093,late,control,2201.7,39.9,4.45,13,female,adult
S09,J094,early,control,2201.7,39.9,4.25,5,male,adult
S09,J094,mid,control,2201.7,41.1,4.46,8,male,adult
S09,J094,late,control,2201.7,31.3,4.0,3,male,adult
S10,J095,early,control,2610.1,57.1,4.65,30,female,adult
S10,J095,mid,control,2610.1,50.7,4.93,24,female,adult
S10,J095,late,control,2610.1,47.7,4.42,17,female,adult
S10,J096,early,control,2610.1,53.2,3.6,0,male,yearling
S10,J096,mid,control,2610.1,50.8,4.32,6,male,yearling
S10,J096,late,control,2610.1,55.4,4.33,16,male,yearling
S10,J097,early,control,2610.1,58.3,5.58,30,male,adult
S10,J097,mid,control,2610.1,48.7,5.3,19,male,adult
S10,J097,late,control,2610.1,44.3,4.44,19,male,adult
S10,J098,early,control,2610.1,61.9,4.49,6,female,adult
S10,J098,mid,control,2610.1,49.4,3.95,4,female,adult
S10,J098,late,control,2610.1,44.6,4.33,9,female,adult
S10,J099,early,control,2610.1,60.9,3.98,2,male,yearling
S10,J099,mid,control,2610.1,53.8,4.16,0,male,yearling
S10,J099,late,control,2610.1,48.0,4.39,4,male,yearling
S10,J100,early,control,2610.1,51.9,4.8,35,male,adult
S10,J100,mid,control,2610.1,50.5,5.06,55,male,adult
S10,J100,late,control,2610.1,48.0,4.9,33,male,adult
S10,J101,early,control,2610.1,57.3,5.41,16,female,adult
S10,J101,mid,control,2610.1,55.8,5.22,16,female,adult
S10,J101,late,control,2610.1,49.8,5.35,35,female,adult
S10,J102,early,control,2610.1,55.1,4.72,12,female,adult
S10,J102,mid,control,2610.1,55.3,4.33,17,female,adult
S10,J102,late,control,2610.1,49.9,4.68,10,female,adult
S10,J103,early,control,2610.1,54.9,4.81,11,male,adult
S10,J103,mid,control,2610.1,50.8,,4,male,adult
S10,J103,late,control,2610.1,50.4,,13,male,adult
S10,J104,early,control,2610.1,55.8,4.17,3,female,adult
S10,J104,mid,control,2610.1,55.1,4.28,13,female,adult
S10,J104,late,control,2610.1,50.6,3.51,15,female,adult
S10,J105,early,control,2610.1,49.8,4.16,2,female,yearling
S10,J105,mid,control,2610.1,47.0,4.6,26,female,yearling
S10,J105,late,control,2610.1,49.2,3.9,0,female,yearling
S11,J106,early,brush_thinning,2463.8,37.8,4.33,3,male,adult
S11,J106,mid,brush_thinning,2463.8,27.6,3.28,4,male,adult
S11,J106,late,brush_thinning,2463.8,26.6,3.21,3,male,adult
S11,J107,early,brush_thinning,2463.8,37.9,4.35,1,female,adult
S11,J107,mid,brush_thinning,2463.8,32.9,3.67,0,female,adult
S11,J107,late,brush_thinning,2463.8,33.3,3.76,4,female,adult
S11,J108,early,brush_thinning,2463.8,36.6,4.24,1,female,adult
S11,J108,mid,brush_thinning,2463.8,32.4,3.7,12,female,adult
S11,J108,late,brush_thinning,2463.8,28.3,3.63,8,female,adult
S11,J109,early,brush_thinning,2463.8,41.9,4.51,4,female,adult
S11,J109,mid,brush_thinning,2463.8,31.0,4.14,1,female,adult
S11,J109,late,brush_thinning,2463.8,32.1,4.21,6,female,adult
S11,J110,early,brush_thinning,2463.8,40.0,5.42,4,male,adult
S11,J110,mid,brush_thinning,2463.8,34.4,4.59,3,male,adult
S11,J110,late,brush_thinning,2463.8,31.5,4.28,14,male,adult
S11,J111,early,brush_thinning,2463.8,37.8,4.87,6,male,yearling
S11,J111,mid,brush_thinning,2463.8,28.1,,1,male,yearling
S11,J111,late,brush_thinning,2463.8,29.8,3.63,4,male,yearling
S11,J112,early,brush_thinning,2463.8,39.4,4.09,4,male,adult
S11,J112,mid,brush_thinning,2463.8,31.7,3.78,10,male,adult
S11,J112,late,brush_thinning,2463.8,28.5,3.82,5,male,adult
S11,J113,early,brush_thinning,2463.8,36.3,4.03,2,female,adult
S11,J113,mid,brush_thinning,2463.8,36.4,4.15,3,female,adult
S11,J113,late,brush_thinning,2463.8,28.9,,4,female,adult
S11,J114,early,brush_thinning,2463.8,38.5,5.16,28,female,adult
S11,J114,mid,brush_thinning,2463.8,30.1,4.82,17,female,adult
S11,J114,late,brush_thinning,2463.8,30.7,4.88,19,female,adult
S11,J115,early,brush_thinning,2463.8,37.1,3.64,1,male,adult
S11,J115,mid,brush_thinning,2463.8,30.1,3.7,3,male,adult
S11,J115,late,brush_thinning,2463.8,31.9,4.41,9,male,adult
S11,J116,early,brush_thinning,2463.8,38.7,4.47,12,male,adult
S11,J116,mid,brush_thinning,2463.8,37.9,4.92,12,male,adult
S11,J116,late,brush_thinning,2463.8,27.5,4.07,4,male,adult
S11,J117,early,brush_thinning,2463.8,33.1,4.23,3,female,adult
S11,J117,mid,brush_thinning,2463.8,32.3,3.88,16,female,adult
S11,J117,late,brush_thinning,2463.8,31.4,4.35,5,female,adult
S12,J118,early,brush_thinning,2063.7,56.8,4.99,7,female,adult
S12,J118,mid,brush_thinning,2063.7,55.4,4.09,7,female,adult
S12,J118,late,brush_thinning,2063.7,54.7,4.73,14,female,adult
S12,J119,early,brush_thinning,2063.7,60.9,4.82,12,male,adult
S12,J119,mid,brush_thinning,2063.7,60.5,4.63,14,male,adult
S12,J119,late,brush_thinning,2063.7,60.1,4.87,15,male,adult
S12,J120,early,brush_thinning,2063.7,55.9,4.9,35,male,adult
S12,J120,mid,brush_thinning,2063.7,59.0,4.98,33,male,adult
S12,J120,late,brush_thinning,2063.7,53.3,4.31,31,male,adult
S12,J121,early,brush_thinning,2063.7,59.9,5.24,27,male,adult
S12,J121,mid,brush_thinning,2063.7,60.8,4.97,18,male,adult
S12,J121,late,brush_thinning,2063.7,54.5,,15,male,adult
S12,J122,early,brush_thinning,2063.7,62.4,4.82,12,male,adult
S12,J122,mid,brush_thinning,2063.7,57.9,4.32,23,male,adult
S12,J122,late,brush_thinning,2063.7,63.4,5.0,25,male,adult
S12,J123,early,brush_thinning,2063.7,66.8,4.55,47,female,yearling
S12,J123,mid,brush_thinning,2063.7,64.0,4.78,19,female,yearling
S12,J123,late,brush_thinning,2063.7,55.6,4.67,11,female,yearling
S12,J124,early,brush_thinning,2063.7,65.3,5.54,38,male,adult
S12,J124,mid,brush_thinning,2063.7,57.6,5.22,70,male,adult
S12,J124,late,brush_thinning,2063.7,56.1,5.3,40,male,adult
S12,J125,early,brush_thinning,2063.7,57.8,5.24,19,male,yearling
S12,J125,mid,brush_thinning,2063.7,59.9,5.09,71,male,yearling
S12,J125,late,brush_thinning,2063.7,54.3,5.18,63,male,yearling
S12,J126,early,brush_thinning,2063.7,56.3,5.21,35,female,adult
S12,J126,mid,brush_thinning,2063.7,64.3,4.87,15,female,adult
S12,J126,late,brush_thinning,2063.7,51.3,4.67,26,female,adult
S12,J127,early,brush_thinning,2063.7,61.8,4.61,1,male,yearling
S12,J127,mid,brush_thinning,2063.7,60.9,4.33,9,male,yearling
S12,J127,late,brush_thinning,2063.7,55.7,3.88,8,male,yearling
S12,J128,early,brush_thinning,2063.7,64.2,5.73,15,male,adult
S12,J128,mid,brush_thinning,2063.7,51.3,5.45,50,male,adult
S12,J128,late,brush_thinning,2063.7,59.5,5.29,23,male,adult
S12,J129,early,brush_thinning,2063.7,65.5,5.08,9,female,yearling
S12,J129,mid,brush_thinning,2063.7,57.1,5.2,43,female,yearling
S12,J129,late,brush_thinning,2063.7,51.4,4.71,6,female,yearling
S12,J130,early,brush_thinning,2063.7,57.2,,43,female,yearling
S12,J130,mid,brush_thinning,2063.7,56.2,5.43,34,female,yearling
S12,J130,late,brush_thinning,2063.7,51.6,5.37,13,female,yearling
S13,J131,early,control,2010.4,34.8,,5,male,adult
S13,J131,mid,control,2010.4,37.4,3.73,7,male,adult
S13,J131,late,control,2010.4,33.0,4.54,13,male,adult
S13,J132,early,control,2010.4,43.2,3.51,1,female,yearling
S13,J132,mid,control,2010.4,33.6,3.3,3,female,yearling
S13,J132,late,control,2010.4,34.3,3.11,0,female,yearling
S13,J133,early,control,2010.4,41.3,3.84,5,male,adult
S13,J133,mid,control,2010.4,36.8,3.97,4,male,adult
S13,J133,late,control,2010.4,27.4,,1,male,adult
S13,J134,early,control,2010.4,42.4,3.94,6,male,yearling
S13,J134,mid,control,2010.4,34.7,4.54,1,male,yearling
S13,J134,late,control,2010.4,28.7,3.53,1,male,yearling
S13,J135,early,control,2010.4,39.9,4.26,17,female,adult
S13,J135,mid,control,2010.4,34.3,4.03,7,female,adult
S13,J135,late,control,2010.4,31.6,,3,female,adult
S13,J136,early,control,2010.4,46.0,3.86,5,female,yearling
S13,J136,mid,control,2010.4,36.6,3.31,1,female,yearling
S13,J136,late,control,2010.4,31.4,4.1,3,female,yearling
S13,J137,early,control,2010.4,39.0,4.85,6,female,adult
S13,J137,mid,control,2010.4,39.4,4.76,2,female,adult
S13,J137,late,control,2010.4,26.5,3.74,14,female,adult
S13,J138,early,control,2010.4,40.6,,3,female,adult
S13,J138,mid,control,2010.4,33.8,3.72,4,female,adult
S13,J138,late,control,2010.4,34.1,4.05,13,female,adult
S13,J139,early,control,2010.4,40.8,4.17,1,female,adult
S13,J139,mid,control,2010.4,30.0,4.05,1,female,adult
S13,J139,late,control,2010.4,30.8,4.29,12,female,adult
S14,J140,early,brush_thinning,2505.5,41.0,3.8,13,male,yearling
S14,J140,mid,brush_thinning,2505.5,38.2,3.98,16,male,yearling
S14,J140,late,brush_thinning,2505.5,33.2,3.64,1,male,yearling
S14,J141,early,brush_thinning,2505.5,43.3,4.09,2,male,adult
S14,J141,mid,brush_thinning,2505.5,44.6,4.05,3,male,adult
S14,J141,late,brush_thinning,2505.5,39.5,3.53,1,male,adult
S14,J142,early,brush_thinning,2505.5,43.6,4.09,4,female,adult
S14,J142,mid,brush_thinning,2505.5,37.4,4.05,5,female,adult
S14,J142,late,brush_thinning,2505.5,38.7,3.83,5,female,adult
S14,J143,early,brush_thinning,2505.5,46.0,4.45,13,male,adult
S14,J143,mid,brush_thinning,2505.5,37.2,3.97,1,male,adult
S14,J143,late,brush_thinning,2505.5,38.5,4.14,6,male,adult
S14,J144,early,brush_thinning,2505.5,48.8,5.12,18,female,adult
S14,J144,mid,brush_thinning,2505.5,41.6,4.78,8,female,adult
S14,J144,late,brush_thinning,2505.5,35.8,4.26,2,female,adult
S14,J145,early,brush_thinning,2505.5,44.3,,12,male,adult
S14,J145,mid,brush_thinning,2505.5,39.9,4.56,2,male,adult
S14,J145,late,brush_thinning,2505.5,35.4,4.11,4,male,adult
S14,J146,early,brush_thinning,2505.5,41.6,3.82,3,male,adult
S14,J146,mid,brush_thinning,2505.5,41.9,4.23,8,male,adult
S14,J146,late,brush_thinning,2505.5,40.2,,3,male,adult
S14,J147,early,brush_thinning,2505.5,38.3,4.06,9,male,adult
S14,J147,mid,brush_thinning,2505.5,39.8,3.99,3,male,adult
S14,J147,late,brush_thinning,2505.5,34.8,4.0,2,male,adult
S14,J148,early,brush_thinning,2505.5,41.9,4.57,5,female,adult
S14,J148,mid,brush_thinning,2505.5,39.4,4.79,19,female,adult
S14,J148,late,brush_thinning,2505.5,36.1,4.16,9,female,adult
S15,J149,early,brush_thinning,2244.3,50.1,4.35,6,male,adult
S15,J149,mid,brush_thinning,2244.3,47.9,4.65,8,male,adult
S15,J149,late,brush_thinning,2244.3,43.3,4.67,8,male,adult
S15,J150,early,brush_thinning,2244.3,48.5,4.4,8,female,yearling
S15,J150,mid,brush_thinning,2244.3,42.0,,7,female,yearling
S15,J150,late,brush_thinning,2244.3,37.9,3.96,9,female,yearling
S15,J151,early,brush_thinning,2244.3,49.8,5.27,21,female,adult
S15,J151,mid,brush_thinning,2244.3,51.4,4.19,23,female,adult
S15,J151,late,brush_thinning,2244.3,45.0,4.75,21,female,adult
S15,J152,early,brush_thinning,2244.3,47.3,3.55,5,female,yearling
S15,J152,mid,brush_thinning,2244.3,47.3,3.83,3,female,yearling
S15,J152,late,brush_thinning,2244.3,41.6,3.2,0,female,yearling
S15,J153,early,brush_thinning,2244.3,50.4,3.9,5,male,adult
S15,J153,mid,brush_thinning,2244.3,45.1,4.06,19,male,adult
S15,J153,late,brush_thinning,2244.3,46.1,3.7,3,male,adult
S15,J154,early,brush_thinning,2244.3,54.1,4.0,5,male,yearling
S15,J154,mid,brush_thinning,2244.3,52.4,3.46,1,male,yearling
S15,J154,late,brush_thinning,2244.3,43.1,3.72,5,male,yearling
S15,J155,early,brush_thinning,2244.3,47.6,4.92,6,male,adult
S15,J155,mid,brush_thinning,2244.3,45.7,4.49,27,male,adult
S15,J155,late,brush_thinning,2244.3,44.2,4.86,9,male,adult
S15,J156,early,brush_thinning,2244.3,53.2,5.0,6,male,adult
S15,J156,mid,brush_thinning,2244.3,49.0,4.91,2,male,adult
S15,J156,late,brush_thinning,2244.3,45.0,4.99,25,male,adult
S16,J157,early,control,2271.5,48.4,4.28,0,female,adult
S16,J157,mid,control,2271.5,44.9,4.53,4,female,adult
S16,J157,late,control,2271.5,39.3,,5,female,adult
S16,J158,early,control,2271.5,47.2,4.38,2,male,adult
S16,J158,mid,control,2271.5,34.9,3.39,0,male,adult
S16,J158,late,control,2271.5,37.3,4.13,1,male,adult
S16,J159,early,control,2271.5,48.4,5.14,17,female,adult
S16,J159,mid,control,2271.5,44.2,4.62,9,female,adult
S16,J159,late,control,2271.5,29.1,4.47,18,female,adult
S16,J160,early,control,2271.5,42.4,3.76,3,female,adult
S16,J160,mid,control,2271.5,40.6,3.53,9,female,adult
S16,J160,late,control,2271.5,40.7,3.38,5,female,adult
S16,J161,early,control,2271.5,45.7,3.58,7,female,yearling
S16,J161,mid,control,2271.5,43.2,3.73,5,female,yearling
S16,J161,late,control,2271.5,37.3,3.68,4,female,yearling
S16,J162,early,control,2271.5,36.2,3.4,2,male,yearling
S16,J162,mid,control,2271.5,42.5,3.49,6,male,yearling
S16,J162,late,control,2271.5,37.9,3.71,5,male,yearling
S16,J163,early,control,2271.5,43.4,3.67,5,female,adult
S16,J163,mid,control,2271.5,42.0,3.77,3,female,adult
S16,J163,late,control,2271.5,39.6,3.25,2,female,adult
S16,J164,early,control,2271.5,44.9,4.6,4,male,adult
S16,J164,mid,control,2271.5,38.5,3.77,1,male,adult
S16,J164,late,control,2271.5,39.3,3.68,9,male,adult
S16,J165,early,control,2271.5,41.6,4.69,19,female,adult
S16,J165,mid,control,2271.5,40.8,4.26,7,female,adult
S16,J165,late,control,2271.5,31.7,4.41,20,female,adult
S16,J166,early,control,2271.5,46.9,3.95,6,male,yearling
S16,J166,mid,control,2271.5,40.9,4.15,3,male,yearling
S16,J166,late,control,2271.5,41.8,4.34,6,male,yearling
S16,J167,early,control,2271.5,45.0,4.51,9,male,adult
S16,J167,mid,control,2271.5,38.3,4.13,1,male,adult
S16,J167,late,control,2271.5,38.4,3.78,2,male,adult
S16,J168,early,control,2271.5,42.6,4.33,3,male,yearling
S16,J168,mid,control,2271.5,45.5,4.51,10,male,yearling
S16,J168,late,control,2271.5,41.9,3.98,3,male,yearling
S16,J169,early,control,2271.5,48.8,4.07,2,male,adult
S16,J169,mid,control,2271.5,39.3,3.73,4,male,adult
S16,J169,late,control,2271.5,38.0,3.6,3,male,adult
S16,J170,early,control,2271.5,45.2,3.95,1,male,yearling
S16,J170,mid,control,2271.5,37.8,3.65,1,male,yearling
S16,J170,late,control,2271.5,43.1,3.88,1,male,yearling
S17,J171,early,control,1966.4,41.3,3.69,7,female,adult
S17,J171,mid,control,1966.4,39.2,3.87,1,female,adult
S17,J171,late,control,1966.4,34.2,3.27,4,female,adult
S17,J172,early,control,1966.4,36.4,2.8,2,female,yearling
S17,J172,mid,control,1966.4,35.8,3.28,1,female,yearling
S17,J172,late,control,1966.4,29.3,2.85,2,female,yearling
S17,J173,early,control,1966.4,39.0,4.33,0,female,adult
S17,J173,mid,control,1966.4,41.9,4.51,8,female,adult
S17,J173,late,control,1966.4,30.7,3.99,5,female,adult
S17,J174,early,control,1966.4,38.5,3.91,3,male,adult
S17,J174,mid,control,1966.4,34.9,4.23,5,male,adult
S17,J174,late,control,1966.4,36.3,4.09,5,male,adult
S17,J175,early,control,1966.4,42.5,3.7,3,female,yearling
S17,J175,mid,control,1966.4,38.2,3.67,0,female,yearling
S17,J175,late,control,1966.4,40.1,3.78,0,female,yearling
S17,J176,early,control,1966.4,41.4,3.94,1,male,yearling
S17,J176,mid,control,1966.4,33.3,3.49,4,male,yearling
S17,J176,late,control,1966.4,36.5,3.53,0,male,yearling
S17,J177,early,control,1966.4,44.2,3.96,4,male,adult
S17,J177,mid,control,1966.4,38.8,4.18,3,male,adult
S17,J177,late,control,1966.4,28.0,3.8,6,male,adult
S17,J178,early,control,1966.4,36.9,4.06,3,female,adult
S17,J178,mid,control,1966.4,38.4,4.1,1,female,adult
S17,J178,late,control,1966.4,32.9,3.86,4,female,adult
S17,J179,early,control,1966.4,41.3,3.96,20,female,yearling
S17,J179,mid,control,1966.4,43.4,3.92,4,female,yearling
S17,J179,late,control,1966.4,33.4,3.78,7,female,yearling
S17,J180,early,control,1966.4,39.3,4.64,3,female,adult
S17,J180,mid,control,1966.4,38.3,4.33,5,female,adult
S17,J180,late,control,1966.4,39.2,4.65,15,female,adult
S17,J181,early,control,1966.4,35.4,4.37,8,female,adult
S17,J181,mid,control,1966.4,42.6,4.5,8,female,adult
S17,J181,late,control,1966.4,32.8,4.09,1,female,adult
S17,J182,early,control,1966.4,43.1,3.76,1,male,yearling
S17,J182,mid,control,1966.4,39.0,4.11,3,male,yearling
S17,J182,late,control,1966.4,26.0,2.98,4,male,yearling
S18,J183,early,control,2025.5,32.9,3.8,1,male,adult
S18,J183,mid,control,2025.5,32.9,4.34,2,male,adult
S18,J183,late,control,2025.5,20.7,3.95,0,male,adult
S18,J184,early,control,2025.5,27.8,3.22,4,female,adult
S18,J184,mid,control,2025.5,28.7,3.57,1,female,adult
S18,J184,late,control,2025.5,24.3,3.2,4,female,adult
S18,J185,early,control,2025.5,34.5,3.81,3,male,adult
S18,J185,mid,control,2025.5,24.8,3.41,3,male,adult
S18,J185,late,control,2025.5,21.1,3.62,1,male,adult
S18,J186,early,control,2025.5,35.6,4.38,0,male,adult
S18,J186,mid,control,2025.5,25.1,3.69,5,male,adult
S18,J186,late,control,2025.5,20.9,3.58,0,male,adult
S18,J187,early,control,2025.5,31.6,4.62,2,male,adult
S18,J187,mid,control,2025.5,28.4,3.59,3,male,adult
S18,J187,late,control,2025.5,22.5,3.91,3,male,adult
S18,J188,early,control,2025.5,26.9,4.05,3,male,adult
S18,J188,mid,control,2025.5,25.5,4.02,8,male,adult
S18,J188,late,control,2025.5,21.1,4.18,6,male,adult
S18,J189,early,control,2025.5,29.3,3.96,5,female,adult
S18,J189,mid,control,2025.5,26.8,3.79,1,female,adult
S18,J189,late,control,2025.5,25.7,3.12,2,female,adult
S18,J190,early,control,2025.5,33.8,3.7,4,male,adult
S18,J190,mid,control,2025.5,24.0,3.54,7,male,adult
S18,J190,late,control,2025.5,22.2,3.49,3,male,adult
S18,J191,early,control,2025.5,31.4,3.71,8,female,adult
S18,J191,mid,control,2025.5,25.5,4.01,4,female,adult
S18,J191,late,control,2025.5,26.7,4.05,3,female,adult
S18,J192,early,control,2025.5,29.6,4.25,5,male,adult
S18,J192,mid,control,2025.5,23.0,3.71,3,male,adult
S18,J192,late,control,2025.5,23.6,3.4,5,male,adult
